-- phpMyAdmin SQL Dump
-- version 4.6.5.2
-- https://www.phpmyadmin.net/
--
-- Хост: 127.0.0.1:3306
-- Время создания: Апр 05 2018 г., 17:29
-- Версия сервера: 5.5.53
-- Версия PHP: 7.1.0

SET SQL_MODE = "NO_AUTO_VALUE_ON_ZERO";
SET time_zone = "+00:00";


/*!40101 SET @OLD_CHARACTER_SET_CLIENT=@@CHARACTER_SET_CLIENT */;
/*!40101 SET @OLD_CHARACTER_SET_RESULTS=@@CHARACTER_SET_RESULTS */;
/*!40101 SET @OLD_COLLATION_CONNECTION=@@COLLATION_CONNECTION */;
/*!40101 SET NAMES utf8mb4 */;

--
-- База данных: `semantic`
--

-- --------------------------------------------------------

--
-- Структура таблицы `city`
--

CREATE TABLE `city` (
  `id_city` int(11) NOT NULL,
  `id_country` int(11) NOT NULL,
  `id_region` int(11) NOT NULL,
  `name` varchar(255) NOT NULL
) ENGINE=InnoDB DEFAULT CHARSET=utf8;

--
-- Дамп данных таблицы `city`
--

INSERT INTO `city` (`id_city`, `id_country`, `id_region`, `name`) VALUES
(1, 1, 4, 'Авдеевка'),
(2, 1, 11, 'Азовское'),
(3, 1, 7, 'Акимовка'),
(4, 1, 15, 'Аккерман'),
(5, 1, 10, 'Алексадровка'),
(6, 1, 12, 'Алексадровск'),
(7, 1, 10, 'Александрия'),
(8, 1, 4, 'Александровка'),
(9, 1, 14, 'Александровка'),
(10, 1, 4, 'Алексеево-Дружковка'),
(11, 1, 11, 'Алупка'),
(12, 1, 11, 'Алушта'),
(13, 1, 12, 'Алчевск'),
(14, 1, 4, 'Амвросиевка'),
(15, 1, 15, 'Ананьев'),
(16, 1, 4, 'Андреевка'),
(17, 1, 7, 'Андреевка'),
(18, 1, 5, 'Андрушевка'),
(19, 1, 22, 'Антонины'),
(20, 1, 12, 'Антрацит'),
(21, 1, 3, 'Апостолово'),
(22, 1, 14, 'Арбузинка'),
(23, 1, 11, 'Армянск'),
(24, 1, 26, 'Армянск'),
(25, 1, 26, 'Артек'),
(26, 1, 4, 'Артемово'),
(27, 1, 12, 'Артемовск'),
(28, 1, 4, 'Артемовск'),
(29, 1, 15, 'Арциз'),
(30, 1, 21, 'Аскания-Нова'),
(31, 1, 3, 'Аулы'),
(32, 1, 18, 'Ахтырка'),
(33, 1, 11, 'Багерово'),
(34, 1, 22, 'Базалия'),
(35, 1, 12, 'Байрачки'),
(36, 1, 7, 'Балабино'),
(37, 1, 11, 'Балаклава'),
(38, 1, 20, 'Балаклея'),
(39, 1, 15, 'Балта'),
(40, 1, 1, 'Бар'),
(41, 1, 5, 'Барановка'),
(42, 1, 20, 'Барвенково'),
(43, 1, 9, 'Барышевка'),
(44, 1, 24, 'Батурин'),
(45, 1, 24, 'Бахмач'),
(46, 1, 11, 'Бахчисарай'),
(47, 1, 14, 'Баштанка'),
(48, 1, 4, 'Безыменное'),
(49, 1, 21, 'Белая Криница'),
(50, 1, 5, 'Белая Криница'),
(51, 1, 9, 'Белая Церковь'),
(52, 1, 15, 'Белгород-Днестровский'),
(53, 1, 4, 'Беленькое'),
(54, 1, 13, 'Белз'),
(55, 1, 16, 'Белики'),
(56, 1, 4, 'Белицкое'),
(57, 1, 12, 'Беловодск'),
(58, 1, 12, 'Белогоровка'),
(59, 1, 11, 'Белогорск'),
(60, 1, 22, 'Белогорье'),
(61, 1, 12, 'Белое'),
(62, 1, 21, 'Белозерка'),
(63, 1, 12, 'Белокуракино'),
(64, 1, 12, 'Белолуцк'),
(65, 1, 18, 'Белополье'),
(66, 1, 15, 'Беляевка'),
(67, 1, 5, 'Бердичев'),
(68, 1, 7, 'Бердянск'),
(69, 1, 6, 'Берегово'),
(70, 1, 26, 'Береговое'),
(71, 1, 25, 'Берегомет'),
(72, 1, 19, 'Бережаны'),
(73, 1, 9, 'Березань'),
(74, 1, 15, 'Березино'),
(75, 1, 24, 'Березна'),
(76, 1, 14, 'Березнеговатое'),
(77, 1, 15, 'Березовка'),
(78, 1, 2, 'Берестечко'),
(79, 1, 21, 'Берислав'),
(80, 1, 1, 'Бершадь'),
(81, 1, 12, 'Бирюково'),
(82, 1, 4, 'Благодатное'),
(83, 1, 20, 'Близнюки'),
(84, 1, 10, 'Бобринец'),
(85, 1, 13, 'Бобрка'),
(86, 1, 24, 'Бобровица'),
(87, 1, 20, 'Богодухов'),
(88, 1, 8, 'Богородчаны'),
(89, 1, 9, 'Богуслав'),
(90, 1, 12, 'Боково-Платово'),
(91, 1, 15, 'Болград'),
(92, 1, 8, 'Болехов'),
(93, 1, 8, 'Болшовцы'),
(94, 1, 24, 'Борзна'),
(95, 1, 13, 'Борислав'),
(96, 1, 9, 'Борисполь'),
(97, 1, 20, 'Борки'),
(98, 1, 9, 'Боровая'),
(99, 1, 20, 'Боровая'),
(100, 1, 12, 'Боровское'),
(101, 1, 15, 'Бородино'),
(102, 1, 9, 'Бородянка'),
(103, 1, 19, 'Борщев'),
(104, 1, 26, 'Ботаническое'),
(105, 1, 9, 'Боярка'),
(106, 1, 3, 'Брагиновка'),
(107, 1, 1, 'Браилов'),
(108, 1, 14, 'Братское'),
(109, 1, 1, 'Брацлав'),
(110, 1, 9, 'Бровары'),
(111, 1, 13, 'Броды'),
(112, 1, 5, 'Броницкая Гута'),
(113, 1, 8, 'Брошнев-Осада'),
(114, 1, 5, 'Брусилов'),
(115, 1, 12, 'Брянка'),
(116, 1, 12, 'Бугаевка'),
(117, 1, 20, 'Буды'),
(118, 1, 8, 'Букачевцы'),
(119, 1, 8, 'Бурштын'),
(120, 1, 18, 'Бурынь'),
(121, 1, 13, 'Буск'),
(122, 1, 19, 'Бучач'),
(123, 1, 6, 'Буштына'),
(124, 1, 5, 'Быковка'),
(125, 1, 4, 'Былбасовка'),
(126, 1, 8, 'Бытков'),
(127, 1, 20, 'Валки'),
(128, 1, 1, 'Вапнярка'),
(129, 1, 24, 'Варва'),
(130, 1, 7, 'Васильевка'),
(131, 1, 9, 'Васильков'),
(132, 1, 3, 'Васильковка'),
(133, 1, 23, 'Ватутино'),
(134, 1, 12, 'Вахрушево'),
(135, 1, 25, 'Вашковцы'),
(136, 1, 21, 'Великая Александровка'),
(137, 1, 16, 'Великая Багачка'),
(138, 1, 14, 'Великая Корениха'),
(139, 1, 21, 'Великая Лепетиха'),
(140, 1, 15, 'Великая Михайловка'),
(141, 1, 4, 'Великая Новоселка'),
(142, 1, 18, 'Великая Писаревка'),
(143, 1, 19, 'Великие Борки'),
(144, 1, 5, 'Великие Коровинцы'),
(145, 1, 13, 'Великие Мосты'),
(146, 1, 6, 'Великий Березный'),
(147, 1, 20, 'Великий Бурлук'),
(148, 1, 6, 'Великий Бычков'),
(149, 1, 12, 'Великий Лог'),
(150, 1, 15, 'Великодолининское'),
(151, 1, 1, 'Вендичаны'),
(152, 1, 12, 'Вергулевка'),
(153, 1, 24, 'Вертиевка'),
(154, 1, 3, 'Верхнеднепровск'),
(155, 1, 13, 'Верхнее Синевидное'),
(156, 1, 21, 'Верхний Рогачик'),
(157, 1, 8, 'Верховина'),
(158, 1, 3, 'Верховцево'),
(159, 1, 14, 'Веселиново'),
(160, 1, 7, 'Веселое'),
(161, 1, 25, 'Вижница'),
(162, 1, 15, 'Вилково'),
(163, 1, 13, 'Винники'),
(164, 1, 1, 'Винница'),
(165, 1, 6, 'Виноградов'),
(166, 1, 22, 'Виньковцы'),
(167, 1, 19, 'Вишневец'),
(168, 1, 2, 'Владимир-Волынский'),
(169, 1, 17, 'Владимирец'),
(170, 1, 14, 'Вознесенск'),
(171, 1, 4, 'Войковский'),
(172, 1, 8, 'Войнилов'),
(173, 1, 4, 'Волноваха'),
(174, 1, 6, 'Воловец'),
(175, 1, 9, 'Володарка'),
(176, 1, 12, 'Володарск'),
(177, 1, 5, 'Володарск-Волынский'),
(178, 1, 4, 'Володарское'),
(179, 1, 22, 'Волочиск'),
(180, 1, 20, 'Волчанск'),
(181, 1, 12, 'Волчеяровка'),
(182, 1, 3, 'Вольногорск'),
(183, 1, 9, 'Ворзель'),
(184, 1, 18, 'Ворожба'),
(185, 1, 18, 'Воронеж'),
(186, 1, 1, 'Вороновица'),
(187, 1, 8, 'Ворохта'),
(188, 1, 12, 'Ворошиловград'),
(189, 1, 12, 'Врубовка'),
(190, 1, 12, 'Врубовский'),
(191, 1, 8, 'Выгода'),
(192, 1, 21, 'Высокополье'),
(193, 1, 9, 'Вышгород'),
(194, 1, 16, 'Гадяч'),
(195, 1, 10, 'Гайворон'),
(196, 1, 1, 'Гайсин'),
(197, 1, 8, 'Галич'),
(198, 1, 11, 'Гаспра'),
(199, 1, 3, 'Гвардейское'),
(200, 1, 11, 'Гвардейское'),
(201, 1, 8, 'Гвоздец'),
(202, 1, 21, 'Геническ'),
(203, 1, 12, 'Георгиевка'),
(204, 1, 25, 'Герца'),
(205, 1, 13, 'Глиняны'),
(206, 1, 16, 'Глобино'),
(207, 1, 18, 'Глухов'),
(208, 1, 25, 'Глыбокая'),
(209, 1, 1, 'Гнивань'),
(210, 1, 16, 'Гоголево'),
(211, 1, 21, 'Голая Пристань'),
(212, 1, 2, 'Голобы'),
(213, 1, 10, 'Голованевск'),
(214, 1, 2, 'Головно'),
(215, 1, 4, 'Гольмовский'),
(216, 1, 4, 'Горбачево-Михайловка'),
(217, 1, 4, 'Горловка'),
(218, 1, 21, 'Горностаевка'),
(219, 1, 13, 'Горняк'),
(220, 1, 3, 'Горняцкое'),
(221, 1, 8, 'Городенка'),
(222, 1, 23, 'Городище'),
(223, 1, 5, 'Городница'),
(224, 1, 24, 'Городня'),
(225, 1, 22, 'Городок'),
(226, 1, 2, 'Горохов'),
(227, 1, 12, 'Горское'),
(228, 1, 20, 'Готвальд'),
(229, 1, 17, 'Гоща'),
(230, 1, 16, 'Градижск'),
(231, 1, 16, 'Гребенка'),
(232, 1, 9, 'Гребенки'),
(233, 1, 19, 'Гримайлов'),
(234, 1, 22, 'Грицев'),
(235, 1, 5, 'Гришковцы'),
(236, 1, 4, 'Гродовка'),
(237, 1, 4, 'Грузско-Зорянское'),
(238, 1, 3, 'Губиниха'),
(239, 1, 7, 'Гуляйполе'),
(240, 1, 11, 'Гурзуф'),
(241, 1, 19, 'Гусятин'),
(242, 1, 20, 'Гуты'),
(243, 1, 13, 'Дашава'),
(244, 1, 1, 'Дашев'),
(245, 1, 4, 'Дебальцево'),
(246, 1, 8, 'Делятин'),
(247, 1, 17, 'Демидовка'),
(248, 1, 3, 'Демурино'),
(249, 1, 22, 'Деражня'),
(250, 1, 20, 'Дергачи'),
(251, 1, 11, 'Джанкой'),
(252, 1, 4, 'Дзержинск'),
(253, 1, 5, 'Дзержинск'),
(254, 1, 16, 'Диканька'),
(255, 1, 4, 'Димитров'),
(256, 1, 3, 'Днепродзержинск'),
(257, 1, 3, 'Днепропетровск'),
(258, 1, 21, 'Днепряны'),
(259, 1, 10, 'Добровеличковка'),
(260, 1, 4, 'Доброполье'),
(261, 1, 13, 'Добротвор'),
(262, 1, 5, 'Довбыш'),
(263, 1, 4, 'Докучаевск'),
(264, 1, 10, 'Долинская'),
(265, 1, 14, 'Доманевка'),
(266, 1, 4, 'Донецк'),
(267, 1, 4, 'Донецкая'),
(268, 1, 4, 'Донское'),
(269, 1, 23, 'Драбов'),
(270, 1, 4, 'Дробышево'),
(271, 1, 13, 'Дрогобыч'),
(272, 1, 18, 'Дружба'),
(273, 1, 4, 'Дружковка'),
(274, 1, 17, 'Дубно'),
(275, 1, 17, 'Дубровица'),
(276, 1, 22, 'Дунаевцы'),
(277, 1, 9, 'Дымер'),
(278, 1, 11, 'Евпатория'),
(279, 1, 14, 'Еланец'),
(280, 1, 10, 'Елизаветградка'),
(281, 1, 5, 'Емильчино'),
(282, 1, 4, 'Енакиево'),
(283, 1, 23, 'Ерки'),
(284, 1, 12, 'Есауловка'),
(285, 1, 23, 'Жашков'),
(286, 1, 4, 'Жданов'),
(287, 1, 4, 'Желанное'),
(288, 1, 3, 'Желтые Воды'),
(289, 1, 13, 'Жидачов'),
(290, 1, 5, 'Житомир'),
(291, 1, 1, 'Жмеринка'),
(292, 1, 8, 'Жовтень'),
(293, 1, 13, 'Жолкиев'),
(294, 1, 8, 'Заболотов'),
(295, 1, 2, 'Заболотье'),
(296, 1, 10, 'Завалье'),
(297, 1, 19, 'Залещики'),
(298, 1, 3, 'Зализничное'),
(299, 1, 19, 'Заложцы'),
(300, 1, 24, 'Замглай'),
(301, 1, 7, 'Запорожье'),
(302, 1, 23, 'Зараевск'),
(303, 1, 17, 'Заречное'),
(304, 1, 25, 'Заставна'),
(305, 1, 15, 'Затишье'),
(306, 1, 20, 'Зачепиловка'),
(307, 1, 19, 'Збараж'),
(308, 1, 19, 'Зборов'),
(309, 1, 23, 'Звенигородка'),
(310, 1, 9, 'Згуровка'),
(311, 1, 17, 'Здолбунов'),
(312, 1, 3, 'Зеленое'),
(313, 1, 16, 'Зеньков'),
(314, 1, 20, 'Зидьки'),
(315, 1, 12, 'Зимогорье'),
(316, 1, 10, 'Знаменка'),
(317, 1, 10, 'Знаменка-Вторая'),
(318, 1, 18, 'Знобь-Новгородское'),
(319, 1, 19, 'Золотники'),
(320, 1, 12, 'Золотое'),
(321, 1, 19, 'Золотойпоток'),
(322, 1, 23, 'Золотоноша'),
(323, 1, 20, 'Золочев'),
(324, 1, 13, 'Золочев'),
(325, 1, 12, 'Зоринск'),
(326, 1, 4, 'Зугрэс'),
(327, 1, 4, 'Зуевка'),
(328, 1, 11, 'Зуя'),
(329, 1, 2, 'Иваничи'),
(330, 1, 9, 'Иванков'),
(331, 1, 13, 'Ивано-Франково'),
(332, 1, 8, 'Ивано-Франковск'),
(333, 1, 5, 'Иванополь'),
(334, 1, 12, 'Изварино'),
(335, 1, 15, 'Измаил'),
(336, 1, 20, 'Изюм'),
(337, 1, 22, 'Изяслав'),
(338, 1, 3, 'Илларионово'),
(339, 1, 4, 'Иловайск'),
(340, 1, 1, 'Ильинцы'),
(341, 1, 15, 'Ильичевск'),
(342, 1, 3, 'Ингулец'),
(343, 1, 23, 'Ирдынь'),
(344, 1, 9, 'Ирпень'),
(345, 1, 6, 'Иршава'),
(346, 1, 24, 'Ичня'),
(347, 1, 9, 'Кагарлык'),
(348, 1, 14, 'Казанка'),
(349, 1, 1, 'Казатин'),
(350, 1, 20, 'Казачья Лопань'),
(351, 1, 21, 'Каланчак'),
(352, 1, 3, 'Калинино'),
(353, 1, 12, 'Калининский'),
(354, 1, 21, 'Калининское'),
(355, 1, 9, 'Калиновка'),
(356, 1, 1, 'Калиновка'),
(357, 1, 12, 'Калиново'),
(358, 1, 8, 'Калуж'),
(359, 1, 8, 'Калуш'),
(360, 1, 22, 'Каменец-Подольский'),
(361, 1, 23, 'Каменка'),
(362, 1, 13, 'Каменка-Бугская'),
(363, 1, 7, 'Каменка-Днепровская'),
(364, 1, 7, 'Каменное'),
(365, 1, 5, 'Каменный Брод'),
(366, 1, 2, 'Камень-Каширский'),
(367, 1, 7, 'Камыш-Заря'),
(368, 1, 12, 'Камышеваха'),
(369, 1, 10, 'Капитановка'),
(370, 1, 4, 'Карло-Либкнехтовск'),
(371, 1, 4, 'Карло-Марксово'),
(372, 1, 16, 'Карловка'),
(373, 1, 3, 'Карнауховка'),
(374, 1, 26, 'Кастрополь'),
(375, 1, 23, 'Катеринополь'),
(376, 1, 21, 'Каховка'),
(377, 1, 26, 'Кацивели'),
(378, 1, 20, 'Кегичевка'),
(379, 1, 25, 'Кельменцы'),
(380, 1, 11, 'Керчь'),
(381, 1, 2, 'Киверцы'),
(382, 1, 9, 'Киев'),
(383, 1, 9, 'Киевская'),
(384, 1, 15, 'Килия'),
(385, 1, 18, 'Кириковка'),
(386, 1, 10, 'Кировоград'),
(387, 1, 12, 'Кировск'),
(388, 1, 4, 'Кировск'),
(389, 1, 11, 'Кировское'),
(390, 1, 25, 'Кицмань'),
(391, 1, 17, 'Клевань'),
(392, 1, 17, 'Клесов'),
(393, 1, 16, 'Кобеляки'),
(394, 1, 2, 'Ковель'),
(395, 1, 9, 'Кодра'),
(396, 1, 15, 'Кодыма'),
(397, 1, 9, 'Кожанка'),
(398, 1, 24, 'Козелец'),
(399, 1, 16, 'Козельщина'),
(400, 1, 9, 'Козин'),
(401, 1, 19, 'Козлов'),
(402, 1, 19, 'Козова'),
(403, 1, 8, 'Коломыя'),
(404, 1, 15, 'Коминтерновское'),
(405, 1, 12, 'Коммунарск'),
(406, 1, 10, 'Компанеевка'),
(407, 1, 16, 'Комсомольск'),
(408, 1, 18, 'Конотоп'),
(409, 1, 4, 'Константиновка'),
(410, 1, 26, 'Кореиз'),
(411, 1, 17, 'Корец'),
(412, 1, 24, 'Короп'),
(413, 1, 5, 'Коростень'),
(414, 1, 5, 'Коростышев'),
(415, 1, 23, 'Корсунь-Шевченковский'),
(416, 1, 24, 'Корюковка'),
(417, 1, 8, 'Косов'),
(418, 1, 17, 'Костополь'),
(419, 1, 16, 'Котельва'),
(420, 1, 15, 'Котовск'),
(421, 1, 4, 'Краматорск'),
(422, 1, 22, 'Красилов'),
(423, 1, 4, 'Красноармейск'),
(424, 1, 26, 'Красногвардейск'),
(425, 1, 11, 'Красногвардейское'),
(426, 1, 20, 'Красноград'),
(427, 1, 12, 'Краснодон'),
(428, 1, 26, 'Краснокаменка'),
(429, 1, 20, 'Краснокутск'),
(430, 1, 11, 'Красноперекопск'),
(431, 1, 18, 'Краснополье'),
(432, 1, 15, 'Красные Окны'),
(433, 1, 4, 'Красный Лиман'),
(434, 1, 12, 'Красный Луч'),
(435, 1, 19, 'Кременец'),
(436, 1, 12, 'Кременная'),
(437, 1, 16, 'Кременчуг'),
(438, 1, 14, 'Кривое Озеро'),
(439, 1, 3, 'Кривой Рог'),
(440, 1, 3, 'Кринички'),
(441, 1, 18, 'Кровелец'),
(442, 1, 1, 'Крыжополь'),
(443, 1, 17, 'Кузнецовск'),
(444, 1, 7, 'Куйбышево'),
(445, 1, 24, 'Куликовка'),
(446, 1, 20, 'Купянск'),
(447, 1, 26, 'Курпаты'),
(448, 1, 19, 'Лановцы'),
(449, 1, 18, 'Лебедин'),
(450, 1, 11, 'Ленино'),
(451, 1, 22, 'Летичев'),
(452, 1, 26, 'Ливадия'),
(453, 1, 18, 'Липовая Долина'),
(454, 1, 1, 'Липовец'),
(455, 1, 12, 'Лисичанск'),
(456, 1, 1, 'Литин'),
(457, 1, 20, 'Лозовая'),
(458, 1, 2, 'Локачи'),
(459, 1, 16, 'Лохвица'),
(460, 1, 16, 'Лубны'),
(461, 1, 12, 'Луганск'),
(462, 1, 5, 'Лугины'),
(463, 1, 12, 'Лутугино'),
(464, 1, 2, 'Луцк'),
(465, 1, 23, 'Лысянка'),
(466, 1, 13, 'Львов'),
(467, 1, 5, 'Любар'),
(468, 1, 15, 'Любашевка'),
(469, 1, 2, 'Любешов'),
(470, 1, 2, 'Любомль'),
(471, 1, 20, 'Люботин'),
(472, 1, 3, 'Магдалиновка'),
(473, 1, 9, 'Макаров'),
(474, 1, 4, 'Макеевка'),
(475, 1, 10, 'Малая Виска'),
(476, 1, 5, 'Малин'),
(477, 1, 2, 'Маневичи'),
(478, 1, 23, 'Маньковка'),
(479, 1, 3, 'Марганец'),
(480, 1, 4, 'Мариуполь'),
(481, 1, 12, 'Марковка'),
(482, 1, 4, 'Марьинка'),
(483, 1, 11, 'Массандра'),
(484, 1, 16, 'Машевка'),
(485, 1, 6, 'Межгорье'),
(486, 1, 3, 'Межевая'),
(487, 1, 7, 'Мелитополь'),
(488, 1, 12, 'Меловое'),
(489, 1, 24, 'Мена'),
(490, 1, 20, 'Мерефа'),
(491, 1, 16, 'Миргород'),
(492, 1, 26, 'Мисхор'),
(493, 1, 7, 'Михайловка'),
(494, 1, 17, 'Млинов'),
(495, 1, 1, 'Могилев-Подольский'),
(496, 1, 19, 'Монастыриска'),
(497, 1, 23, 'Монастырище'),
(498, 1, 13, 'Мостиска'),
(499, 1, 6, 'Мукачево'),
(500, 1, 1, 'Мурованные Куриловцы'),
(501, 1, 8, 'Надворна'),
(502, 1, 8, 'Надворная'),
(503, 1, 5, 'Народичи'),
(504, 1, 18, 'Недригайлов'),
(505, 1, 24, 'Нежин'),
(506, 1, 1, 'Немиров'),
(507, 1, 13, 'Нестеров'),
(508, 1, 22, 'Нетешин'),
(509, 1, 11, 'Нижнегорский'),
(510, 1, 21, 'Нижние Серогозы'),
(511, 1, 13, 'Николаев'),
(512, 1, 14, 'Николаев'),
(513, 1, 15, 'Николаевка'),
(514, 1, 3, 'Никополь'),
(515, 1, 20, 'Новая Водолага'),
(516, 1, 21, 'Новая Каховка'),
(517, 1, 14, 'Новая Одесса'),
(518, 1, 22, 'Новая Ушица'),
(519, 1, 24, 'Новгород Северский'),
(520, 1, 10, 'Новгородка'),
(521, 1, 4, 'Новоазовск'),
(522, 1, 12, 'Новоайдар'),
(523, 1, 10, 'Новоархангельск'),
(524, 1, 2, 'Нововолынск'),
(525, 1, 21, 'Нововоронцовка'),
(526, 1, 5, 'Новоград-Волынский'),
(527, 1, 10, 'Новомиргород'),
(528, 1, 3, 'Новомосковск'),
(529, 1, 7, 'Новониколаевка'),
(530, 1, 12, 'Новопсков'),
(531, 1, 25, 'Новоселица'),
(532, 1, 21, 'Новотроицкое'),
(533, 1, 10, 'Новоукраинка'),
(534, 1, 4, 'Новоэкономическое'),
(535, 1, 16, 'Новые Санжары'),
(536, 1, 14, 'Новый Буг'),
(537, 1, 24, 'Носовка'),
(538, 1, 9, 'Обухов'),
(539, 1, 15, 'Овидиополь'),
(540, 1, 5, 'Овруч'),
(541, 1, 15, 'Одесса'),
(542, 1, 5, 'Олевск'),
(543, 1, 26, 'Олива'),
(544, 1, 10, 'Ольшанка'),
(545, 1, 10, 'Онуфриевка'),
(546, 1, 26, 'Оползневое'),
(547, 1, 1, 'Оратов'),
(548, 1, 3, 'Орджоникидзе'),
(549, 1, 7, 'Орехов'),
(550, 1, 16, 'Оржица'),
(551, 1, 17, 'Острог'),
(552, 1, 14, 'Очаков'),
(553, 1, 3, 'Павлоград'),
(554, 1, 26, 'Парковое'),
(555, 1, 12, 'Первомайск'),
(556, 1, 14, 'Первомайск'),
(557, 1, 20, 'Первомайский'),
(558, 1, 11, 'Первомайское'),
(559, 1, 12, 'Перевальск'),
(560, 1, 13, 'Перемышляны'),
(561, 1, 6, 'Перечин'),
(562, 1, 9, 'Переяслав-Хмельницкий'),
(563, 1, 3, 'Першотравенск'),
(564, 1, 4, 'Першотравневое'),
(565, 1, 20, 'Песочин'),
(566, 1, 1, 'Песчанка'),
(567, 1, 10, 'Петрово'),
(568, 1, 3, 'Петропавловка'),
(569, 1, 16, 'Пирянтин'),
(570, 1, 16, 'Пирятин'),
(571, 1, 1, 'Погребище'),
(572, 1, 19, 'Подволочиск'),
(573, 1, 3, 'Покровское'),
(574, 1, 9, 'Полесское'),
(575, 1, 7, 'Пологи'),
(576, 1, 22, 'Полонное'),
(577, 1, 16, 'Полтава'),
(578, 1, 26, 'Понизовка'),
(579, 1, 12, 'Попасная'),
(580, 1, 5, 'Попельня'),
(581, 1, 7, 'Приазовское'),
(582, 1, 24, 'Прилуки'),
(583, 1, 7, 'Приморск'),
(584, 1, 13, 'Пустомыты'),
(585, 1, 18, 'Путивль'),
(586, 1, 25, 'Путила'),
(587, 1, 3, 'Пятихатки'),
(588, 1, 13, 'Рава Русская'),
(589, 1, 13, 'Радехов'),
(590, 1, 5, 'Радомышль'),
(591, 1, 15, 'Раздельная'),
(592, 1, 11, 'Раздольное'),
(593, 1, 9, 'Ракитное'),
(594, 1, 2, 'Ратно'),
(595, 1, 6, 'Рахов'),
(596, 1, 15, 'Рени'),
(597, 1, 24, 'Репки'),
(598, 1, 16, 'Решетиловка'),
(599, 1, 12, 'Ровеньки'),
(600, 1, 17, 'Ровно'),
(601, 1, 8, 'Рогатин'),
(602, 1, 2, 'Рожище'),
(603, 1, 8, 'Рожнятов'),
(604, 1, 18, 'Ромны'),
(605, 1, 12, 'Рубежное'),
(606, 1, 5, 'Ружин'),
(607, 1, 15, 'Саврань'),
(608, 1, 11, 'Саки'),
(609, 1, 13, 'Самбор'),
(610, 1, 26, 'Санаторное'),
(611, 1, 15, 'Сарата'),
(612, 1, 17, 'Сарны'),
(613, 1, 20, 'Сахновщина'),
(614, 1, 6, 'Свалява'),
(615, 1, 12, 'Сватово'),
(616, 1, 12, 'Свердловск'),
(617, 1, 10, 'Светловодск'),
(618, 1, 11, 'Севастополь'),
(619, 1, 12, 'Северодонецк'),
(620, 1, 4, 'Селидово'),
(621, 1, 16, 'Семеновка'),
(622, 1, 24, 'Семеновка'),
(623, 1, 18, 'Середина-Буда'),
(624, 1, 26, 'Симеиз'),
(625, 1, 11, 'Симферополь'),
(626, 1, 3, 'Синельниково'),
(627, 1, 21, 'Скадовск'),
(628, 1, 9, 'Сквира'),
(629, 1, 13, 'Сколе'),
(630, 1, 22, 'Славута'),
(631, 1, 9, 'Славутич'),
(632, 1, 12, 'Славяносербск'),
(633, 1, 4, 'Славянск'),
(634, 1, 23, 'Смела'),
(635, 1, 4, 'Снежное'),
(636, 1, 14, 'Снигиревка'),
(637, 1, 8, 'Снятын'),
(638, 1, 11, 'Советский'),
(639, 1, 13, 'Сокаль'),
(640, 1, 25, 'Сокиряны'),
(641, 1, 24, 'Сосница'),
(642, 1, 3, 'Софиевка'),
(643, 1, 9, 'Ставище'),
(644, 1, 8, 'Станиславов'),
(645, 1, 12, 'Станично-Луганское'),
(646, 1, 2, 'Старая Выжевка'),
(647, 1, 22, 'Старая Синява'),
(648, 1, 12, 'Старобельск'),
(649, 1, 4, 'Старобешево'),
(650, 1, 22, 'Староконстантинов'),
(651, 1, 13, 'Старый Самбор'),
(652, 1, 12, 'Стаханов'),
(653, 1, 25, 'Сторожинец'),
(654, 1, 13, 'Стрый'),
(655, 1, 11, 'Судак'),
(656, 1, 18, 'Сумы'),
(657, 1, 24, 'Талалаевка'),
(658, 1, 23, 'Тальное'),
(659, 1, 9, 'Тараща'),
(660, 1, 15, 'Тарутино'),
(661, 1, 15, 'Татарбунары'),
(662, 1, 4, 'Тельманово'),
(663, 1, 22, 'Теофиполь'),
(664, 1, 1, 'Теплик'),
(665, 1, 19, 'Теребовля'),
(666, 1, 19, 'Тернополь'),
(667, 1, 9, 'Тетиев'),
(668, 1, 8, 'Тлумач'),
(669, 1, 7, 'Токмак'),
(670, 1, 3, 'Томаковка'),
(671, 1, 1, 'Томашполь'),
(672, 1, 4, 'Торез'),
(673, 1, 12, 'Троицкое'),
(674, 1, 1, 'Тростянец'),
(675, 1, 18, 'Тростянец'),
(676, 1, 13, 'Трускавец'),
(677, 1, 1, 'Тульчин'),
(678, 1, 2, 'Турийск'),
(679, 1, 13, 'Турка'),
(680, 1, 1, 'Тывров'),
(681, 1, 8, 'Тысменица'),
(682, 1, 6, 'Тячев'),
(683, 1, 6, 'Ужгород'),
(684, 1, 10, 'Ульяновка'),
(685, 1, 23, 'Умань'),
(686, 1, 10, 'Устиновка'),
(687, 1, 9, 'Фастов'),
(688, 1, 11, 'Феодосия'),
(689, 1, 11, 'Форос'),
(690, 1, 15, 'Фрунзовка'),
(691, 1, 4, 'Харцызск'),
(692, 1, 20, 'Харьков'),
(693, 1, 21, 'Херсон'),
(694, 1, 1, 'Хмельник'),
(695, 1, 22, 'Хмельницкий'),
(696, 1, 16, 'Хорол'),
(697, 1, 25, 'Хотин'),
(698, 1, 23, 'Христиновка'),
(699, 1, 6, 'Хуст'),
(700, 1, 3, 'Царичанка'),
(701, 1, 21, 'Цюрупинск'),
(702, 1, 21, 'Чаплинка'),
(703, 1, 22, 'Чемеровцы'),
(704, 1, 17, 'Червоноармейск'),
(705, 1, 5, 'Червоноармейск'),
(706, 1, 13, 'Червоноград'),
(707, 1, 23, 'Черкассы'),
(708, 1, 24, 'Чернигов'),
(709, 1, 7, 'Черниговка'),
(710, 1, 23, 'Чернобай'),
(711, 1, 9, 'Чернобыль'),
(712, 1, 25, 'Черновцы'),
(713, 1, 11, 'Черноморское'),
(714, 1, 16, 'Чернухи'),
(715, 1, 5, 'Черняхов'),
(716, 1, 1, 'Чечельник'),
(717, 1, 23, 'Чигирин'),
(718, 1, 6, 'Чоп'),
(719, 1, 19, 'Чортков'),
(720, 1, 20, 'Чугуев'),
(721, 1, 5, 'Чуднов'),
(722, 1, 16, 'Чутово'),
(723, 1, 1, 'Шаргород'),
(724, 1, 4, 'Шахтерск'),
(725, 1, 20, 'Шевченково'),
(726, 1, 22, 'Шепетовка'),
(727, 1, 3, 'Широкое'),
(728, 1, 15, 'Ширяево'),
(729, 1, 16, 'Шишаки'),
(730, 1, 18, 'Шостка'),
(731, 1, 23, 'Шпола'),
(732, 1, 19, 'Шумское'),
(733, 1, 18, 'Шурупинское'),
(734, 1, 11, 'Щёлкино'),
(735, 1, 24, 'Щорс'),
(736, 1, 7, 'Энергодар'),
(737, 1, 14, 'Южноукраинск'),
(738, 1, 15, 'Южный'),
(739, 1, 13, 'Яворов'),
(740, 1, 9, 'Яготин'),
(741, 1, 11, 'Ялта'),
(742, 1, 1, 'Ямполь'),
(743, 1, 18, 'Ямполь'),
(744, 1, 8, 'Яремча'),
(745, 1, 22, 'Ярмолинцы'),
(746, 1, 4, 'Ясиноватая'),
(747, 2, 56, 'Абаза'),
(748, 2, 56, 'Абакан'),
(749, 2, 101, 'Абакан'),
(750, 2, 56, 'Абан'),
(751, 2, 90, 'Абатский'),
(752, 2, 68, 'Абдулино'),
(753, 2, 53, 'Абезь'),
(754, 2, 55, 'Абинск'),
(755, 2, 63, 'Абрамцево'),
(756, 2, 55, 'Абрау-Дюрсо'),
(757, 2, 79, 'Абый'),
(758, 2, 103, 'Аган'),
(759, 2, 95, 'Агаповка'),
(760, 2, 40, 'Агвали'),
(761, 2, 89, 'Агеево'),
(762, 2, 97, 'Агинское'),
(763, 2, 56, 'Агинское'),
(764, 2, 86, 'Агрыз'),
(765, 2, 68, 'Адамовка'),
(766, 2, 100, 'Адыгейск'),
(767, 2, 86, 'Азнакаево'),
(768, 2, 74, 'Азов'),
(769, 2, 28, 'Айгунь'),
(770, 2, 68, 'Айдырлинский'),
(771, 2, 53, 'Айкино'),
(772, 2, 88, 'Ак-Довурак'),
(773, 2, 68, 'Акбулак'),
(774, 2, 68, 'Аккермановка'),
(775, 2, 74, 'Аксай'),
(776, 2, 93, 'Аксай'),
(777, 2, 31, 'Аксаково'),
(778, 2, 90, 'Аксарка'),
(779, 2, 97, 'Аксеново-Зиловское'),
(780, 2, 86, 'Аксубаево'),
(781, 2, 27, 'Акташ'),
(782, 2, 86, 'Актюбинский'),
(783, 2, 27, 'Акутиха'),
(784, 2, 40, 'Акуша'),
(785, 2, 97, 'Акша'),
(786, 2, 63, 'Алабино'),
(787, 2, 82, 'Алагир'),
(788, 2, 81, 'Алапаевск'),
(789, 2, 98, 'Алатырь'),
(790, 2, 79, 'Алдан'),
(791, 2, 27, 'Алейск'),
(792, 2, 75, 'Александро-Невский'),
(793, 2, 35, 'Александров'),
(794, 2, 78, 'Александров Гай'),
(795, 2, 80, 'Александровск-Сахалинский'),
(796, 2, 77, 'Александровская'),
(797, 2, 97, 'Александровский Завод'),
(798, 2, 87, 'Александровское'),
(799, 2, 84, 'Александровское'),
(800, 2, 76, 'Алексеевка'),
(801, 2, 32, 'Алексеевка'),
(802, 2, 43, 'Алексеевск'),
(803, 2, 36, 'Алексеевская'),
(804, 2, 86, 'Алексеевское'),
(805, 2, 89, 'Алексин'),
(806, 2, 43, 'Алзамай'),
(807, 2, 98, 'Аликово'),
(808, 2, 74, 'Алмазный'),
(809, 2, 91, 'Алнаши'),
(810, 2, 27, 'Алтайский'),
(811, 2, 33, 'Алтухово'),
(812, 2, 81, 'Алтынай'),
(813, 2, 36, 'Алущевск'),
(814, 2, 43, 'Алыгжер'),
(815, 2, 58, 'Альменево'),
(816, 2, 86, 'Альметьевск'),
(817, 2, 86, 'Альметьевск'),
(818, 2, 97, 'Амазар'),
(819, 2, 50, 'Амбарный'),
(820, 2, 79, 'Амга'),
(821, 2, 29, 'Амдерма'),
(822, 2, 31, 'Амзя'),
(823, 2, 94, 'Амурск'),
(824, 2, 60, 'Анадырь'),
(825, 2, 102, 'Анадырь'),
(826, 2, 55, 'Анапа'),
(827, 2, 80, 'Анбэцу'),
(828, 2, 43, 'Ангарск'),
(829, 2, 46, 'Андреаполь'),
(830, 2, 35, 'Андреево'),
(831, 2, 99, 'Андропов'),
(832, 2, 51, 'Анжеро-Судженск'),
(833, 2, 80, 'Анива'),
(834, 2, 38, 'Анна'),
(835, 2, 35, 'Анопино'),
(836, 2, 54, 'Антропово'),
(837, 2, 72, 'Анучино'),
(838, 2, 65, 'Анциферово'),
(839, 2, 86, 'Апастово'),
(840, 2, 64, 'Апатиты'),
(841, 2, 63, 'Апрелевка'),
(842, 2, 55, 'Апшеронск'),
(843, 2, 81, 'Арамиль'),
(844, 2, 97, 'Арбагар'),
(845, 2, 52, 'Арбаж'),
(846, 2, 95, 'Аргаяш'),
(847, 2, 96, 'Аргун'),
(848, 2, 62, 'Ардатов'),
(849, 2, 39, 'Ардатов'),
(850, 2, 82, 'Ардон'),
(851, 2, 39, 'Арзамас'),
(852, 2, 84, 'Арзгир'),
(853, 2, 78, 'Аркадак'),
(854, 2, 52, 'Аркуль'),
(855, 2, 55, 'Армавир'),
(856, 2, 90, 'Армизонское'),
(857, 2, 90, 'Аромашево'),
(858, 2, 72, 'Арсеньев'),
(859, 2, 89, 'Арсеньево'),
(860, 2, 86, 'Арск'),
(861, 2, 72, 'Артем'),
(862, 2, 56, 'Артемовск'),
(863, 2, 72, 'Артемовский'),
(864, 2, 43, 'Артемовский'),
(865, 2, 81, 'Артемовский'),
(866, 2, 81, 'Арти'),
(867, 2, 29, 'Архангельск'),
(868, 2, 63, 'Архангельское'),
(869, 2, 28, 'Архара'),
(870, 2, 55, 'Архипо-Осиповка'),
(871, 2, 42, 'Архиповка'),
(872, 2, 47, 'Аршань'),
(873, 2, 39, 'Арья'),
(874, 2, 81, 'Асбест'),
(875, 2, 68, 'Асекеево'),
(876, 2, 87, 'Асино'),
(877, 2, 56, 'Аскиз'),
(878, 2, 31, 'Аскино'),
(879, 2, 30, 'Астрахань'),
(880, 2, 43, 'Атагай'),
(881, 2, 97, 'Атамановка'),
(882, 2, 60, 'Атка'),
(883, 2, 78, 'Аткарск'),
(884, 2, 49, 'Атласово'),
(885, 2, 62, 'Атюрьево'),
(886, 2, 62, 'Атяшево'),
(887, 2, 55, 'Афипский'),
(888, 2, 64, 'Африканда'),
(889, 2, 30, 'Ахтубинск'),
(890, 2, 40, 'Ахты'),
(891, 2, 55, 'Ахтырский'),
(892, 2, 56, 'Ачинск'),
(893, 2, 40, 'Ачису'),
(894, 2, 81, 'Ачит'),
(895, 2, 55, 'Ачуево'),
(896, 2, 95, 'Аша'),
(897, 2, 63, 'Ашитково'),
(898, 2, 74, 'Аютинск'),
(899, 2, 94, 'Аян'),
(900, 2, 49, 'Аянка'),
(901, 2, 37, 'Бабаево'),
(902, 2, 40, 'Бабаюрт'),
(903, 2, 34, 'Бабушкин'),
(904, 2, 48, 'Бабынино'),
(905, 2, 35, 'Бавлены'),
(906, 2, 86, 'Бавлы'),
(907, 2, 74, 'Багаевский'),
(908, 2, 66, 'Баган'),
(909, 2, 34, 'Багдарин'),
(910, 2, 45, 'Багратионовск'),
(911, 2, 27, 'Баево'),
(912, 2, 86, 'Базарные Матаки'),
(913, 2, 78, 'Базарный Карабулак'),
(914, 2, 92, 'Базарный Сызган'),
(915, 2, 88, 'Бай Хаак'),
(916, 2, 43, 'Байкал'),
(917, 2, 81, 'Байкалово'),
(918, 2, 43, 'Байкальск'),
(919, 2, 56, 'Байкит'),
(920, 2, 63, 'Байконур'),
(921, 2, 31, 'Баймак'),
(922, 2, 95, 'Бакал'),
(923, 2, 31, 'Бакалы'),
(924, 2, 44, 'Баксан'),
(925, 2, 87, 'Бакчар'),
(926, 2, 63, 'Бакшеево'),
(927, 2, 48, 'Балабаново'),
(928, 2, 43, 'Балаганск'),
(929, 2, 35, 'Балакирево'),
(930, 2, 78, 'Балаково'),
(931, 2, 39, 'Балахна'),
(932, 2, 56, 'Балахта'),
(933, 2, 63, 'Балашиха'),
(934, 2, 78, 'Балашов'),
(935, 2, 91, 'Балезино'),
(936, 2, 97, 'Балей'),
(937, 2, 78, 'Балтай'),
(938, 2, 86, 'Балтаси'),
(939, 2, 45, 'Балтийск'),
(940, 2, 60, 'Балыгычан'),
(941, 2, 56, 'Балыкса'),
(942, 2, 66, 'Барабинск'),
(943, 2, 34, 'Баргузин'),
(944, 2, 71, 'Барда'),
(945, 2, 51, 'Барзас'),
(946, 2, 27, 'Барнаул'),
(947, 2, 89, 'Барсуки'),
(948, 2, 63, 'Барыбино'),
(949, 2, 92, 'Барыш'),
(950, 2, 48, 'Барятино'),
(951, 2, 81, 'Басьяновский'),
(952, 2, 79, 'Батагай'),
(953, 2, 74, 'Батайск'),
(954, 2, 65, 'Батецкий'),
(955, 2, 87, 'Батурино'),
(956, 2, 98, 'Батырева'),
(957, 2, 70, 'Башмаково'),
(958, 2, 34, 'Баянгол'),
(959, 2, 43, 'Баяндай'),
(960, 2, 89, 'Бегичевский'),
(961, 2, 70, 'Беднодемьяновск'),
(962, 2, 73, 'Бежаницы'),
(963, 2, 46, 'Бежецк'),
(964, 2, 40, 'Бежта'),
(965, 2, 76, 'Безенчук'),
(966, 2, 70, 'Беково'),
(967, 2, 58, 'Белая'),
(968, 2, 33, 'Белая Березка'),
(969, 2, 74, 'Белая Калитва'),
(970, 2, 52, 'Белая Холуница'),
(971, 2, 32, 'Белгород'),
(972, 2, 31, 'Белебей'),
(973, 2, 89, 'Белев'),
(974, 2, 70, 'Белинский'),
(975, 2, 51, 'Белово'),
(976, 2, 27, 'Белово'),
(977, 2, 28, 'Белогорск'),
(978, 2, 51, 'Белогорск'),
(979, 2, 37, 'Белозерск'),
(980, 2, 27, 'Белокуриха'),
(981, 2, 50, 'Беломорск'),
(982, 2, 63, 'Белоомут'),
(983, 2, 31, 'Белорецк'),
(984, 2, 55, 'Белореченск'),
(985, 2, 48, 'Белоусово'),
(986, 2, 27, 'Белоярск'),
(987, 2, 81, 'Белоярский'),
(988, 2, 90, 'Белоярский'),
(989, 2, 33, 'Белые Берега'),
(990, 2, 63, 'Белые Столбы'),
(991, 2, 46, 'Белый'),
(992, 2, 46, 'Белый Городок'),
(993, 2, 87, 'Белый Яр'),
(994, 2, 56, 'Белый Яр'),
(995, 2, 56, 'Бельтырский'),
(996, 2, 68, 'Беляевка'),
(997, 2, 79, 'Бердигестях'),
(998, 2, 66, 'Бердск'),
(999, 2, 90, 'Бердюжье'),
(1000, 2, 67, 'Береговой'),
(1001, 2, 46, 'Березайка'),
(1002, 2, 29, 'Березник'),
(1003, 2, 71, 'Березники'),
(1004, 2, 81, 'Березовский'),
(1005, 2, 51, 'Березовский'),
(1006, 2, 94, 'Березовый'),
(1007, 2, 99, 'Берендеево'),
(1008, 2, 60, 'Беринговский'),
(1009, 2, 79, 'Беркакит'),
(1010, 2, 82, 'Беслан'),
(1011, 2, 70, 'Бессоновка'),
(1012, 2, 79, 'Бестях'),
(1013, 2, 48, 'Бетлица'),
(1014, 2, 56, 'Бея'),
(1015, 2, 66, 'Биаза'),
(1016, 2, 31, 'Бижбуляк'),
(1017, 2, 27, 'Бийск'),
(1018, 2, 94, 'Бикин'),
(1019, 2, 60, 'Билибино'),
(1020, 2, 102, 'Билибино'),
(1021, 2, 94, 'Бира'),
(1022, 2, 94, 'Биракан'),
(1023, 2, 41, 'Биробиджан'),
(1024, 2, 31, 'Бирск'),
(1025, 2, 43, 'Бирюсинск'),
(1026, 2, 56, 'Бискамжа'),
(1027, 2, 34, 'Бичура'),
(1028, 2, 31, 'Благовещенск'),
(1029, 2, 27, 'Благовещенск'),
(1030, 2, 28, 'Благовещенск (Амурская обл.)'),
(1031, 2, 84, 'Благодарный'),
(1032, 2, 38, 'Бобров'),
(1033, 2, 76, 'Богатое'),
(1034, 2, 86, 'Богатые Сабы'),
(1035, 2, 76, 'Богатырь'),
(1036, 2, 81, 'Богданович'),
(1037, 2, 54, 'Боговарово'),
(1038, 2, 35, 'Боголюбово'),
(1039, 2, 89, 'Богородицк'),
(1040, 2, 39, 'Богородск'),
(1041, 2, 94, 'Богородское'),
(1042, 2, 52, 'Богородское'),
(1043, 2, 56, 'Боготол'),
(1044, 2, 56, 'Боград'),
(1045, 2, 56, 'Богучаны'),
(1046, 2, 38, 'Богучар'),
(1047, 2, 43, 'Бодайбо'),
(1048, 2, 74, 'Боковская'),
(1049, 2, 77, 'Бокситогорск'),
(1050, 2, 46, 'Бологое'),
(1051, 2, 94, 'Болонь'),
(1052, 2, 66, 'Болотное'),
(1053, 2, 89, 'Болохово'),
(1054, 2, 69, 'Болхов'),
(1055, 2, 65, 'Большая Вишера'),
(1056, 2, 76, 'Большая Глущица'),
(1057, 2, 77, 'Большая Ижора'),
(1058, 2, 74, 'Большая Мартыновка'),
(1059, 2, 56, 'Большая Мурта'),
(1060, 2, 43, 'Большая Речка'),
(1061, 2, 71, 'Большая Соснова'),
(1062, 2, 76, 'Большая Черниговка'),
(1063, 2, 60, 'Большевик'),
(1064, 2, 49, 'Большерецк'),
(1065, 2, 39, 'Большереченск'),
(1066, 2, 67, 'Большеречье'),
(1067, 2, 31, 'Большеустьикинское'),
(1068, 2, 62, 'Большие Березники'),
(1069, 2, 67, 'Большие Уки'),
(1070, 2, 39, 'Большое Болдино'),
(1071, 2, 62, 'Большое Игнатово'),
(1072, 2, 39, 'Большое Козино'),
(1073, 2, 39, 'Большое Мурашкино'),
(1074, 2, 92, 'Большое Нагаткино'),
(1075, 2, 39, 'Большое Пикино'),
(1076, 2, 33, 'Большое Полпино'),
(1077, 2, 99, 'Большое Село'),
(1078, 2, 58, 'Большое Солдатское'),
(1079, 2, 90, 'Большое Сорокино'),
(1080, 2, 72, 'Большой Камень'),
(1081, 2, 43, 'Большой Луг'),
(1082, 2, 56, 'Большой Улуй'),
(1083, 2, 85, 'Бондари'),
(1084, 2, 39, 'Бор'),
(1085, 2, 97, 'Борзя'),
(1086, 2, 32, 'Борисовка'),
(1087, 2, 38, 'Борисоглебск'),
(1088, 2, 99, 'Борисоглебский'),
(1089, 2, 65, 'Боровичи'),
(1090, 2, 27, 'Боровлянка'),
(1091, 2, 52, 'Боровой'),
(1092, 2, 48, 'Боровск'),
(1093, 2, 79, 'Борогонцы'),
(1094, 2, 63, 'Бородино'),
(1095, 2, 56, 'Бородино'),
(1096, 2, 76, 'Борское'),
(1097, 2, 40, 'Ботлих'),
(1098, 2, 43, 'Бохан'),
(1099, 2, 80, 'Бошняково'),
(1100, 2, 43, 'Братск'),
(1101, 2, 95, 'Бреды'),
(1102, 2, 86, 'Брежнев'),
(1103, 2, 99, 'Брейтово'),
(1104, 2, 63, 'Бронницы'),
(1105, 2, 33, 'Брянск'),
(1106, 2, 86, 'Бугульма'),
(1107, 2, 68, 'Бугуруслан'),
(1108, 2, 84, 'Буденновск'),
(1109, 2, 77, 'Будогощь'),
(1110, 2, 68, 'Бузулук'),
(1111, 2, 86, 'Буинск'),
(1112, 2, 98, 'Буинск'),
(1113, 2, 54, 'Буй'),
(1114, 2, 40, 'Буйнакск'),
(1115, 2, 97, 'Букачача'),
(1116, 2, 81, 'Буланаш'),
(1117, 2, 31, 'Бураево'),
(1118, 2, 28, 'Бурея'),
(1119, 2, 27, 'Бурла'),
(1120, 2, 99, 'Бурмакино'),
(1121, 2, 82, 'Бурон'),
(1122, 2, 27, 'Бурсоль'),
(1123, 2, 39, 'Бутурлино'),
(1124, 2, 38, 'Бутурлиновка'),
(1125, 2, 80, 'Быков'),
(1126, 2, 36, 'Быково'),
(1127, 2, 63, 'Быково'),
(1128, 2, 33, 'Бытошь'),
(1129, 2, 91, 'Вавож'),
(1130, 2, 90, 'Вагай'),
(1131, 2, 39, 'Вад'),
(1132, 2, 70, 'Вадинск'),
(1133, 2, 50, 'Валаам'),
(1134, 2, 65, 'Валдай'),
(1135, 2, 72, 'Валентин'),
(1136, 2, 63, 'Валуево'),
(1137, 2, 32, 'Валуйки'),
(1138, 2, 56, 'Ванавара'),
(1139, 2, 94, 'Ванино'),
(1140, 2, 60, 'Ванкарем'),
(1141, 2, 57, 'Варгаши'),
(1142, 2, 99, 'Варегово'),
(1143, 2, 95, 'Варна'),
(1144, 2, 39, 'Варнавино'),
(1145, 2, 86, 'Васильево'),
(1146, 2, 46, 'Васильевский Мох'),
(1147, 2, 39, 'Васильсурск'),
(1148, 2, 80, 'Вахрушев'),
(1149, 2, 39, 'Вахтан'),
(1150, 2, 39, 'Вача'),
(1151, 2, 40, 'Вачи'),
(1152, 2, 32, 'Вейделевка'),
(1153, 2, 89, 'Велегож'),
(1154, 2, 39, 'Велетьма'),
(1155, 2, 83, 'Велиж'),
(1156, 2, 73, 'Великие Луки'),
(1157, 2, 37, 'Великий Устюг'),
(1158, 2, 35, 'Великодворский'),
(1159, 2, 29, 'Вельск'),
(1160, 2, 66, 'Венгерово'),
(1161, 2, 89, 'Венев'),
(1162, 2, 63, 'Вербилки'),
(1163, 2, 35, 'Вербовский'),
(1164, 2, 71, 'Верещагино'),
(1165, 2, 63, 'Верея'),
(1166, 2, 55, 'Верхнебаканский'),
(1167, 2, 79, 'Верхневилюйск'),
(1168, 2, 83, 'Верхнеднепровский'),
(1169, 2, 56, 'Верхнеимбатск'),
(1170, 2, 79, 'Верхнеколымск'),
(1171, 2, 64, 'Верхнетуломский'),
(1172, 2, 95, 'Верхнеуральск'),
(1173, 2, 31, 'Верхнеяркеево'),
(1174, 2, 31, 'Верхние Киги'),
(1175, 2, 31, 'Верхние Татышлы'),
(1176, 2, 31, 'Верхний Авзян'),
(1177, 2, 30, 'Верхний Баскунчак'),
(1178, 2, 42, 'Верхний Ландех'),
(1179, 2, 38, 'Верхний Мамон'),
(1180, 2, 81, 'Верхний Тагил'),
(1181, 2, 86, 'Верхний Услон'),
(1182, 2, 95, 'Верхний Уфалей'),
(1183, 2, 53, 'Верхняя Инта'),
(1184, 2, 81, 'Верхняя Пышма'),
(1185, 2, 81, 'Верхняя Салда'),
(1186, 2, 81, 'Верхняя Синячиха'),
(1187, 2, 81, 'Верхняя Сысерть'),
(1188, 2, 29, 'Верхняя Тойма'),
(1189, 2, 81, 'Верхняя Тура'),
(1190, 2, 38, 'Верхняя Хава'),
(1191, 2, 37, 'Верховажье'),
(1192, 2, 69, 'Верховье'),
(1193, 2, 70, 'Верхозим'),
(1194, 2, 81, 'Верхотурье'),
(1195, 2, 52, 'Верхошижемье'),
(1196, 2, 79, 'Верхоянск'),
(1197, 2, 39, 'Ветлуга'),
(1198, 2, 74, 'Вешенская'),
(1199, 2, 92, 'Вешкайма'),
(1200, 2, 80, 'Взморье'),
(1201, 2, 43, 'Видим'),
(1202, 2, 63, 'Видное'),
(1203, 2, 53, 'Визинга'),
(1204, 2, 90, 'Викулово'),
(1205, 2, 79, 'Вилюйск'),
(1206, 2, 49, 'Вилючинск'),
(1207, 2, 39, 'Виля'),
(1208, 2, 90, 'Винзили'),
(1209, 2, 50, 'Вирандозеро'),
(1210, 2, 81, 'Висим'),
(1211, 2, 79, 'Витим'),
(1212, 2, 43, 'Витимский'),
(1213, 2, 43, 'Вихоревка'),
(1214, 2, 42, 'Вичуга'),
(1215, 2, 72, 'Владивосток'),
(1216, 2, 82, 'Владикавказ'),
(1217, 2, 35, 'Владимир'),
(1218, 2, 79, 'Власово'),
(1219, 2, 63, 'Внуково'),
(1220, 2, 53, 'Водный'),
(1221, 2, 53, 'Вожаель'),
(1222, 2, 63, 'Вождь Пролетариата'),
(1223, 2, 37, 'Вожега'),
(1224, 2, 28, 'Возжаевка'),
(1225, 2, 39, 'Вознесенское'),
(1226, 2, 77, 'Вознесенье'),
(1227, 2, 78, 'Возрождение'),
(1228, 2, 99, 'Волга'),
(1229, 2, 36, 'Волгоград'),
(1230, 2, 74, 'Волгодонск'),
(1231, 2, 54, 'Волгореченск'),
(1232, 2, 61, 'Волжск'),
(1233, 2, 36, 'Волжский'),
(1234, 2, 76, 'Волжский'),
(1235, 2, 89, 'Волово'),
(1236, 2, 37, 'Вологда'),
(1237, 2, 39, 'Володарск'),
(1238, 2, 30, 'Володарский'),
(1239, 2, 63, 'Волоколамск'),
(1240, 2, 32, 'Волоконовка'),
(1241, 2, 77, 'Волосово'),
(1242, 2, 65, 'Волот'),
(1243, 2, 94, 'Волочаевка Вторая'),
(1244, 2, 29, 'Волошка'),
(1245, 2, 77, 'Волхов'),
(1246, 2, 81, 'Волчанск'),
(1247, 2, 27, 'Волчиха'),
(1248, 2, 78, 'Вольск'),
(1249, 2, 83, 'Ворга'),
(1250, 2, 53, 'Воркута'),
(1251, 2, 38, 'Воробьевка'),
(1252, 2, 38, 'Воронеж'),
(1253, 2, 63, 'Вороново'),
(1254, 2, 81, 'Воронцовка'),
(1255, 2, 39, 'Воротынец'),
(1256, 2, 39, 'Ворсма'),
(1257, 2, 63, 'Воскресенск'),
(1258, 2, 39, 'Воскресенское'),
(1259, 2, 78, 'Воскресенское'),
(1260, 2, 63, 'Восточный'),
(1261, 2, 63, 'Востряково'),
(1262, 2, 74, 'Восход'),
(1263, 2, 91, 'Воткинск'),
(1264, 2, 37, 'Вохтога'),
(1265, 2, 77, 'Всеволожск'),
(1266, 2, 53, 'Вуктыл'),
(1267, 2, 98, 'Вурнары'),
(1268, 2, 77, 'Выборг'),
(1269, 2, 33, 'Выгоничи'),
(1270, 2, 34, 'Выдрино'),
(1271, 2, 39, 'Выездное'),
(1272, 2, 39, 'Выкса'),
(1273, 2, 46, 'Выползово'),
(1274, 2, 77, 'Вырица'),
(1275, 2, 55, 'Выселки'),
(1276, 2, 86, 'Высокая Гора'),
(1277, 2, 63, 'Высоковск'),
(1278, 2, 94, 'Высокогорный'),
(1279, 2, 72, 'Высокогорск'),
(1280, 2, 77, 'Высоцк'),
(1281, 2, 37, 'Вытегра'),
(1282, 2, 29, 'Вычегодский'),
(1283, 2, 62, 'Выша'),
(1284, 2, 33, 'Вышков'),
(1285, 2, 46, 'Вышний Волочек'),
(1286, 2, 94, 'Вяземский'),
(1287, 2, 35, 'Вязники'),
(1288, 2, 83, 'Вязьма'),
(1289, 2, 52, 'Вятские Поляны'),
(1290, 2, 42, 'Гаврилов Посад'),
(1291, 2, 99, 'Гаврилов Ям'),
(1292, 2, 85, 'Гавриловка Вторая'),
(1293, 2, 83, 'Гагарин'),
(1294, 2, 39, 'Гагино'),
(1295, 2, 97, 'Газимурский Завод'),
(1296, 2, 68, 'Гай'),
(1297, 2, 71, 'Гайны'),
(1298, 2, 54, 'Галич'),
(1299, 2, 81, 'Гари'),
(1300, 2, 80, 'Гастелло'),
(1301, 2, 77, 'Гатчина'),
(1302, 2, 45, 'Гвардейск'),
(1303, 2, 73, 'Гдов'),
(1304, 2, 55, 'Геленджик'),
(1305, 2, 84, 'Георгиевск'),
(1306, 2, 40, 'Гергебиль'),
(1307, 2, 53, 'Гешарт'),
(1308, 2, 55, 'Гиагинская'),
(1309, 2, 74, 'Гигант'),
(1310, 2, 39, 'Гидроторф'),
(1311, 2, 50, 'Гирвас'),
(1312, 2, 91, 'Глазов'),
(1313, 2, 69, 'Глазуновка'),
(1314, 2, 83, 'Глинка'),
(1315, 2, 92, 'Глотовка'),
(1316, 2, 58, 'Глушково'),
(1317, 2, 57, 'Глядянское'),
(1318, 2, 63, 'Голицино'),
(1319, 2, 83, 'Голынки'),
(1320, 2, 90, 'Голышманово'),
(1321, 2, 39, 'Горбатов'),
(1322, 2, 39, 'Горбатовка'),
(1323, 2, 33, 'Гордеевка'),
(1324, 2, 89, 'Горелки'),
(1325, 2, 27, 'Горно-Алтайск'),
(1326, 2, 80, 'Горнозаводск'),
(1327, 2, 71, 'Горнозаводск'),
(1328, 2, 72, 'Горные Ключи'),
(1329, 2, 72, 'Горный'),
(1330, 2, 94, 'Горный'),
(1331, 2, 78, 'Горный'),
(1332, 2, 75, 'Горняк'),
(1333, 2, 27, 'Горняк'),
(1334, 2, 74, 'Горняцкий'),
(1335, 2, 39, 'Городец'),
(1336, 2, 36, 'Городище'),
(1337, 2, 70, 'Городище'),
(1338, 2, 35, 'Городищи'),
(1339, 2, 35, 'Гороховец'),
(1340, 2, 54, 'Горчуха'),
(1341, 2, 58, 'Горшечное'),
(1342, 2, 39, 'Горький'),
(1343, 2, 67, 'Горьковское'),
(1344, 2, 56, 'Горячегорск'),
(1345, 2, 55, 'Горячий Ключ'),
(1346, 2, 32, 'Грайворон'),
(1347, 2, 51, 'Грамотеино'),
(1348, 2, 91, 'Грахово'),
(1349, 2, 68, 'Грачевка'),
(1350, 2, 71, 'Гремячинск'),
(1351, 2, 38, 'Грибановский'),
(1352, 2, 96, 'Грозный'),
(1353, 2, 59, 'Грязи'),
(1354, 2, 37, 'Грязовец'),
(1355, 2, 71, 'Губаха'),
(1356, 2, 32, 'Губкин'),
(1357, 2, 90, 'Губкинский'),
(1358, 2, 104, 'Губкинский'),
(1359, 2, 96, 'Гудермез'),
(1360, 2, 74, 'Гуково'),
(1361, 2, 40, 'Гуниб'),
(1362, 2, 94, 'Гурское'),
(1363, 2, 45, 'Гурьевск'),
(1364, 2, 51, 'Гурьевск'),
(1365, 2, 45, 'Гусев'),
(1366, 2, 35, 'Гусевский'),
(1367, 2, 34, 'Гусиное Озеро'),
(1368, 2, 34, 'Гусиноозерск'),
(1369, 2, 75, 'Гусь Железный'),
(1370, 2, 35, 'Гусь Хрустальный'),
(1371, 2, 97, 'Давенда'),
(1372, 2, 31, 'Давлеканово'),
(1373, 2, 38, 'Давыдовка'),
(1374, 2, 40, 'Дагестанские Огни'),
(1375, 2, 57, 'Далматово'),
(1376, 2, 72, 'Дальнегорск'),
(1377, 2, 39, 'Дальнее Константиново'),
(1378, 2, 72, 'Дальнереченск'),
(1379, 2, 99, 'Данилов'),
(1380, 2, 59, 'Данхов'),
(1381, 2, 97, 'Дарасун'),
(1382, 2, 93, 'Дарьинское'),
(1383, 2, 91, 'Дебесы'),
(1384, 2, 81, 'Дегтярск'),
(1385, 2, 63, 'Деденево'),
(1386, 2, 73, 'Дедовичи'),
(1387, 2, 63, 'Дедовск'),
(1388, 2, 65, 'Деманск'),
(1389, 2, 83, 'Демидов'),
(1390, 2, 40, 'Дербент'),
(1391, 2, 86, 'Дербешкинский'),
(1392, 2, 78, 'Дергачи'),
(1393, 2, 50, 'Деревянка'),
(1394, 2, 93, 'Деркул'),
(1395, 2, 83, 'Десногорск'),
(1396, 2, 93, 'Джамбейты'),
(1397, 2, 93, 'Джаныбек'),
(1398, 2, 63, 'Джержинский'),
(1399, 2, 55, 'Джубга'),
(1400, 2, 39, 'Дзержинск'),
(1401, 2, 56, 'Дзержинское'),
(1402, 2, 39, 'Дивеево'),
(1403, 2, 56, 'Дивногорск'),
(1404, 2, 84, 'Дивное'),
(1405, 2, 82, 'Дигора'),
(1406, 2, 56, 'Диксон'),
(1407, 2, 92, 'Димитровград'),
(1408, 2, 55, 'Динская'),
(1409, 2, 58, 'Дмитриев-Льговский'),
(1410, 2, 63, 'Дмитров'),
(1411, 2, 69, 'Дмитровск-Орловский'),
(1412, 2, 73, 'Дно'),
(1413, 2, 59, 'Доброе'),
(1414, 2, 71, 'Добрянка'),
(1415, 2, 66, 'Довольное'),
(1416, 2, 69, 'Долгое'),
(1417, 2, 63, 'Долгопрудный'),
(1418, 2, 59, 'Долгоруково'),
(1419, 2, 80, 'Долинск'),
(1420, 2, 42, 'Долматовский'),
(1421, 2, 84, 'Домбай'),
(1422, 2, 68, 'Домбаровский'),
(1423, 2, 63, 'Домодедово'),
(1424, 2, 74, 'Донецк'),
(1425, 2, 84, 'Донское'),
(1426, 2, 74, 'Донской'),
(1427, 2, 89, 'Донской'),
(1428, 2, 94, 'Дормидонтовка'),
(1429, 2, 83, 'Дорогобуж'),
(1430, 2, 63, 'Дорохово'),
(1431, 2, 39, 'Досчатое'),
(1432, 2, 63, 'Дрезна'),
(1433, 2, 97, 'Дровяная'),
(1434, 2, 77, 'Дружная Горка'),
(1435, 2, 68, 'Дубенский'),
(1436, 2, 63, 'Дубки'),
(1437, 2, 89, 'Дубна'),
(1438, 2, 63, 'Дубна'),
(1439, 2, 36, 'Дубовка'),
(1440, 2, 61, 'Дубовский'),
(1441, 2, 74, 'Дубовское'),
(1442, 2, 33, 'Дубровка'),
(1443, 2, 77, 'Дубровка'),
(1444, 2, 31, 'Дуван'),
(1445, 2, 48, 'Дугна'),
(1446, 2, 56, 'Дудинка'),
(1447, 2, 48, 'Дудоровский'),
(1448, 2, 97, 'Дульдурга'),
(1449, 2, 42, 'Дуляпино'),
(1450, 2, 48, 'Думиничи'),
(1451, 2, 78, 'Духовницкое'),
(1452, 2, 83, 'Духовщина'),
(1453, 2, 40, 'Дылым'),
(1454, 2, 31, 'Дюртюли'),
(1455, 2, 33, 'Дятьково'),
(1456, 2, 70, 'Евлашево'),
(1457, 2, 74, 'Егорлыкская'),
(1458, 2, 63, 'Егорьевск'),
(1459, 2, 55, 'Ейск'),
(1460, 2, 81, 'Екатеринбург'),
(1461, 2, 78, 'Екатериновка'),
(1462, 2, 28, 'Екатеринославка'),
(1463, 2, 83, 'Екимовичи'),
(1464, 2, 86, 'Елабуга'),
(1465, 2, 43, 'Еланцы'),
(1466, 2, 36, 'Елань'),
(1467, 2, 38, 'Елань-Коленовский'),
(1468, 2, 75, 'Елатьма'),
(1469, 2, 48, 'Еленский'),
(1470, 2, 59, 'Елец'),
(1471, 2, 53, 'Елецкий'),
(1472, 2, 49, 'Елизово'),
(1473, 2, 71, 'Елово'),
(1474, 2, 62, 'Ельники'),
(1475, 2, 83, 'Ельня'),
(1476, 2, 27, 'Ельцовка'),
(1477, 2, 95, 'Еманжелинск'),
(1478, 2, 53, 'Емва'),
(1479, 2, 56, 'Емельяново'),
(1480, 2, 29, 'Емца'),
(1481, 2, 56, 'Енисейск'),
(1482, 2, 30, 'Енотаевка'),
(1483, 2, 89, 'Епифань'),
(1484, 2, 43, 'Ербогачен'),
(1485, 2, 56, 'Ермаковское'),
(1486, 2, 31, 'Ермекеево'),
(1487, 2, 75, 'Ермишь'),
(1488, 2, 31, 'Ермолаево'),
(1489, 2, 28, 'Ерофей Павлович'),
(1490, 2, 81, 'Ертарский'),
(1491, 2, 83, 'Ершичи'),
(1492, 2, 78, 'Ершов'),
(1493, 2, 40, 'Ершовка'),
(1494, 2, 84, 'Ессентуки'),
(1495, 2, 77, 'Ефимовский'),
(1496, 2, 89, 'Ефремов'),
(1497, 2, 46, 'Жарковский'),
(1498, 2, 84, 'Железноводск'),
(1499, 2, 56, 'Железногорск'),
(1500, 2, 58, 'Железногорск'),
(1501, 2, 43, 'Железногорск-Илимский'),
(1502, 2, 45, 'Железнодорожный'),
(1503, 2, 63, 'Железнодорожный'),
(1504, 2, 85, 'Жердевка'),
(1505, 2, 43, 'Жигалово'),
(1506, 2, 79, 'Жиганск'),
(1507, 2, 76, 'Жигулевск'),
(1508, 2, 48, 'Жиздра'),
(1509, 2, 63, 'Жилево'),
(1510, 2, 97, 'Жиндо'),
(1511, 2, 74, 'Жирнов'),
(1512, 2, 36, 'Жирновск'),
(1513, 2, 33, 'Жирятино'),
(1514, 2, 33, 'Жуковка'),
(1515, 2, 63, 'Жуковский'),
(1516, 2, 97, 'Забайкальск'),
(1517, 2, 43, 'Забитуй'),
(1518, 2, 74, 'Заветное'),
(1519, 2, 94, 'Заветы Ильича'),
(1520, 2, 28, 'Завитинск'),
(1521, 2, 90, 'Заводопетровский'),
(1522, 2, 90, 'Заводоуковск'),
(1523, 2, 81, 'Заводоуспенское'),
(1524, 2, 74, 'Заводской'),
(1525, 2, 42, 'Заволжск'),
(1526, 2, 39, 'Заволжье'),
(1527, 2, 66, 'Завьялово'),
(1528, 2, 91, 'Завьялово'),
(1529, 2, 63, 'Загорск'),
(1530, 2, 63, 'Загорянский'),
(1531, 2, 59, 'Задонск'),
(1532, 2, 34, 'Заиграево'),
(1533, 2, 86, 'Заинск'),
(1534, 2, 34, 'Закаменск'),
(1535, 2, 43, 'Залари'),
(1536, 2, 69, 'Залегощь'),
(1537, 2, 27, 'Залесово'),
(1538, 2, 56, 'Заозерный'),
(1539, 2, 64, 'Заозерск'),
(1540, 2, 89, 'Заокский'),
(1541, 2, 46, 'Западная Двина'),
(1542, 2, 73, 'Заплюсье'),
(1543, 2, 64, 'Заполярный'),
(1544, 2, 53, 'Заполярный'),
(1545, 2, 104, 'Заполярный'),
(1546, 2, 63, 'Запрудная'),
(1547, 2, 63, 'Зарайск'),
(1548, 2, 64, 'Зареченск'),
(1549, 2, 75, 'Заречный'),
(1550, 2, 42, 'Заречный'),
(1551, 2, 78, 'Заречный'),
(1552, 2, 46, 'Заречье'),
(1553, 2, 27, 'Заринск'),
(1554, 2, 72, 'Зарубино'),
(1555, 2, 65, 'Зарубино'),
(1556, 2, 27, 'Заток'),
(1557, 2, 75, 'Захарово'),
(1558, 2, 64, 'Зашеек'),
(1559, 2, 43, 'Звездный'),
(1560, 2, 61, 'Звенигово'),
(1561, 2, 63, 'Звенигород'),
(1562, 2, 74, 'Зверево'),
(1563, 2, 54, 'Зебляки'),
(1564, 2, 64, 'Зеленоборский'),
(1565, 2, 77, 'Зеленогорск'),
(1566, 2, 56, 'Зеленогорск'),
(1567, 2, 63, 'Зеленоград'),
(1568, 2, 45, 'Зеленоградск'),
(1569, 2, 86, 'Зеленодольск'),
(1570, 2, 84, 'Зеленокумск'),
(1571, 2, 70, 'Земетчино'),
(1572, 2, 74, 'Зерноград'),
(1573, 2, 28, 'Зея'),
(1574, 2, 31, 'Зилаир'),
(1575, 2, 43, 'Зима'),
(1576, 2, 74, 'Зимовники'),
(1577, 2, 31, 'Зирган'),
(1578, 2, 95, 'Златоуст'),
(1579, 2, 28, 'Златоустовск'),
(1580, 2, 33, 'Злынка'),
(1581, 2, 27, 'Змеиногорск'),
(1582, 2, 69, 'Змиевка'),
(1583, 2, 85, 'Знаменка'),
(1584, 2, 45, 'Знаменск'),
(1585, 2, 67, 'Знаменское'),
(1586, 2, 69, 'Знаменское'),
(1587, 2, 70, 'Золотаревка'),
(1588, 2, 35, 'Золотково'),
(1589, 2, 58, 'Золотухино'),
(1590, 2, 76, 'Зольное'),
(1591, 2, 62, 'Зубова Поляна'),
(1592, 2, 46, 'Зубцов'),
(1593, 2, 52, 'Зуевка'),
(1594, 2, 79, 'Зырянка'),
(1595, 2, 81, 'Зыряновский'),
(1596, 2, 87, 'Зырянское'),
(1597, 2, 81, 'Зюзельский'),
(1598, 2, 71, 'Зюкайка'),
(1599, 2, 98, 'Ибреси'),
(1600, 2, 77, 'Ивангород'),
(1601, 2, 35, 'Иванищи'),
(1602, 2, 28, 'Ивановка'),
(1603, 2, 42, 'Иваново'),
(1604, 2, 63, 'Ивантеевка'),
(1605, 2, 78, 'Ивантеевка'),
(1606, 2, 42, 'Иваньковский'),
(1607, 2, 81, 'Ивдель'),
(1608, 2, 32, 'Ивня'),
(1609, 2, 34, 'Иволгинск'),
(1610, 2, 33, 'Ивот'),
(1611, 2, 56, 'Игарка'),
(1612, 2, 31, 'Иглино'),
(1613, 2, 92, 'Игнатовка'),
(1614, 2, 91, 'Игра'),
(1615, 2, 103, 'Игрим'),
(1616, 2, 50, 'Идель'),
(1617, 2, 56, 'Идринское'),
(1618, 2, 73, 'Идрица'),
(1619, 2, 91, 'Ижевск'),
(1620, 2, 53, 'Ижма'),
(1621, 2, 51, 'Ижморский'),
(1622, 2, 40, 'Избербаш'),
(1623, 2, 94, 'Известковый'),
(1624, 2, 83, 'Издешково'),
(1625, 2, 90, 'Излучинск'),
(1626, 2, 103, 'Излучинск'),
(1627, 2, 92, 'Измайлово'),
(1628, 2, 59, 'Измалково'),
(1629, 2, 48, 'Износки'),
(1630, 2, 84, 'Изобильный'),
(1631, 2, 46, 'Изоплит'),
(1632, 2, 81, 'Изумруд'),
(1633, 2, 30, 'Икряное'),
(1634, 2, 63, 'Икша'),
(1635, 2, 56, 'Иланский'),
(1636, 2, 29, 'Илеза'),
(1637, 2, 68, 'Илек'),
(1638, 2, 36, 'Иловля'),
(1639, 2, 80, 'Ильинский'),
(1640, 2, 63, 'Ильинский'),
(1641, 2, 50, 'Ильинский'),
(1642, 2, 71, 'Ильинский'),
(1643, 2, 29, 'Ильинско-Подомское'),
(1644, 2, 42, 'Ильинское-Хованское'),
(1645, 2, 34, 'Илька'),
(1646, 2, 49, 'Ильпырский'),
(1647, 2, 55, 'Ильский'),
(1648, 2, 50, 'Импалахти'),
(1649, 2, 85, 'Инжавино'),
(1650, 2, 92, 'Инза'),
(1651, 2, 31, 'Инзер'),
(1652, 2, 94, 'Иннокентьевка'),
(1653, 2, 84, 'Иноземцево'),
(1654, 2, 62, 'Инсар'),
(1655, 2, 53, 'Инта'),
(1656, 2, 84, 'Ипатово'),
(1657, 2, 53, 'Ираель'),
(1658, 2, 56, 'Ирбейское'),
(1659, 2, 81, 'Ирбит'),
(1660, 2, 68, 'Ириклинский'),
(1661, 2, 43, 'Иркутск'),
(1662, 2, 81, 'Ис'),
(1663, 2, 76, 'Исаклы'),
(1664, 2, 90, 'Исетское'),
(1665, 2, 67, 'Исилькуль'),
(1666, 2, 66, 'Искитим'),
(1667, 2, 70, 'Исса'),
(1668, 2, 63, 'Истра'),
(1669, 2, 31, 'Исянгулово'),
(1670, 2, 97, 'Итака'),
(1671, 2, 87, 'Итатка'),
(1672, 2, 51, 'Итатский'),
(1673, 2, 60, 'Иульитин'),
(1674, 2, 92, 'Ишеевка'),
(1675, 2, 90, 'Ишим'),
(1676, 2, 31, 'Ишимбай'),
(1677, 2, 61, 'Йошкар-Ола'),
(1678, 2, 34, 'Кабанск'),
(1679, 2, 55, 'Кабардинка'),
(1680, 2, 72, 'Кавалерово'),
(1681, 2, 74, 'Кагальницкая'),
(1682, 2, 53, 'Каджером'),
(1683, 2, 37, 'Кадников'),
(1684, 2, 75, 'Кадом'),
(1685, 2, 62, 'Кадошкино'),
(1686, 2, 37, 'Кадуй'),
(1687, 2, 54, 'Кадый'),
(1688, 2, 60, 'Кадыкчан'),
(1689, 2, 53, 'Кажым'),
(1690, 2, 89, 'Казановка'),
(1691, 2, 74, 'Казанская'),
(1692, 2, 90, 'Казанское'),
(1693, 2, 86, 'Казань'),
(1694, 2, 43, 'Казачинское'),
(1695, 2, 56, 'Казачинское'),
(1696, 2, 59, 'Казинка'),
(1697, 2, 93, 'Казталовка'),
(1698, 2, 90, 'Казым-Мыс'),
(1699, 2, 38, 'Калач'),
(1700, 2, 36, 'Калач-на-Дону'),
(1701, 2, 67, 'Калачинск'),
(1702, 2, 46, 'Калашниково'),
(1703, 2, 97, 'Калга'),
(1704, 2, 50, 'Калевала'),
(1705, 2, 46, 'Калинин'),
(1706, 2, 45, 'Калининград'),
(1707, 2, 63, 'Калининград'),
(1708, 2, 55, 'Калинино'),
(1709, 2, 78, 'Калининск'),
(1710, 2, 55, 'Калининская'),
(1711, 2, 93, 'Калмыково'),
(1712, 2, 51, 'Калтан'),
(1713, 2, 48, 'Калуга'),
(1714, 2, 46, 'Калязин'),
(1715, 2, 91, 'Кама'),
(1716, 2, 91, 'Камбарка'),
(1717, 2, 72, 'Каменка'),
(1718, 2, 70, 'Каменка'),
(1719, 2, 77, 'Каменногорск'),
(1720, 2, 55, 'Каменномостский'),
(1721, 2, 74, 'Каменоломни'),
(1722, 2, 34, 'Каменск'),
(1723, 2, 81, 'Каменск-Уральский'),
(1724, 2, 74, 'Каменск-Шахтинский'),
(1725, 2, 78, 'Каменский'),
(1726, 2, 49, 'Каменское'),
(1727, 2, 27, 'Камень-на-Оби'),
(1728, 2, 72, 'Камень-Рыболов'),
(1729, 2, 35, 'Камешково'),
(1730, 2, 42, 'Каминский'),
(1731, 2, 86, 'Камское Устье'),
(1732, 2, 30, 'Камызяк'),
(1733, 2, 36, 'Камышин'),
(1734, 2, 76, 'Камышла'),
(1735, 2, 81, 'Камышлов'),
(1736, 2, 92, 'Канадей'),
(1737, 2, 31, 'Кананикольское'),
(1738, 2, 98, 'Канаш'),
(1739, 2, 79, 'Кангалассы'),
(1740, 2, 64, 'Кандалакша'),
(1741, 2, 31, 'Кандры'),
(1742, 2, 55, 'Каневская'),
(1743, 2, 79, 'Канкунский'),
(1744, 2, 56, 'Канск'),
(1745, 2, 38, 'Кантемировка'),
(1746, 2, 30, 'Капустин Яр'),
(1747, 2, 35, 'Карабаново'),
(1748, 2, 95, 'Карабаш'),
(1749, 2, 86, 'Карабаш'),
(1750, 2, 40, 'Карабудахкент'),
(1751, 2, 71, 'Карагай'),
(1752, 2, 31, 'Караидель'),
(1753, 2, 31, 'Караидельский'),
(1754, 2, 91, 'Каракулино'),
(1755, 2, 66, 'Карасук'),
(1756, 2, 40, 'Карата'),
(1757, 2, 93, 'Каратобе'),
(1758, 2, 56, 'Каратузское'),
(1759, 2, 56, 'Караул'),
(1760, 2, 84, 'Карачаевск'),
(1761, 2, 33, 'Карачев'),
(1762, 2, 57, 'Каргаполье'),
(1763, 2, 87, 'Каргасок'),
(1764, 2, 66, 'Каргат'),
(1765, 2, 29, 'Каргополь'),
(1766, 2, 83, 'Кардымово'),
(1767, 2, 52, 'Каринторф'),
(1768, 2, 81, 'Карпинск'),
(1769, 2, 29, 'Карпогоры'),
(1770, 2, 81, 'Карпунинский'),
(1771, 2, 92, 'Карсун'),
(1772, 2, 95, 'Карталы'),
(1773, 2, 97, 'Карымское'),
(1774, 2, 75, 'Касимов'),
(1775, 2, 95, 'Касли'),
(1776, 2, 40, 'Каспийск'),
(1777, 2, 47, 'Каспийский'),
(1778, 2, 58, 'Касторное'),
(1779, 2, 40, 'Касумкент'),
(1780, 2, 95, 'Катав-Ивановск'),
(1781, 2, 87, 'Катайга'),
(1782, 2, 57, 'Катайск'),
(1783, 2, 80, 'Катангли'),
(1784, 2, 39, 'Катунки'),
(1785, 2, 81, 'Качканар'),
(1786, 2, 43, 'Качуг'),
(1787, 2, 74, 'Кашары'),
(1788, 2, 46, 'Кашин'),
(1789, 2, 63, 'Кашира'),
(1790, 2, 43, 'Квиток'),
(1791, 2, 51, 'Кедровка'),
(1792, 2, 56, 'Кежма'),
(1793, 2, 91, 'Кез'),
(1794, 2, 51, 'Кемерово'),
(1795, 2, 62, 'Кемля'),
(1796, 2, 50, 'Кемь'),
(1797, 2, 45, 'Кёнигсберг'),
(1798, 2, 45, 'Кенисберг'),
(1799, 2, 63, 'Керва'),
(1800, 2, 39, 'Керженец'),
(1801, 2, 71, 'Керчевский'),
(1802, 2, 46, 'Кесова Гора'),
(1803, 2, 50, 'Кестеньга'),
(1804, 2, 57, 'Кетово'),
(1805, 2, 34, 'Кижинга'),
(1806, 2, 71, 'Кизел'),
(1807, 2, 40, 'Кизилюрт'),
(1808, 2, 40, 'Кизляр'),
(1809, 2, 91, 'Кизнер'),
(1810, 2, 77, 'Кикерино'),
(1811, 2, 52, 'Кикнур'),
(1812, 2, 61, 'Килемары'),
(1813, 2, 64, 'Кильдинстрой'),
(1814, 2, 52, 'Кильмезь'),
(1815, 2, 89, 'Кимовск'),
(1816, 2, 46, 'Кимры'),
(1817, 2, 77, 'Кингисепп'),
(1818, 2, 76, 'Кинель'),
(1819, 2, 76, 'Кинель-Черкасы'),
(1820, 2, 42, 'Кинешма'),
(1821, 2, 31, 'Киргиз-Мияки'),
(1822, 2, 89, 'Киреевск'),
(1823, 2, 43, 'Киренск'),
(1824, 2, 35, 'Киржач'),
(1825, 2, 36, 'Кириллов'),
(1826, 2, 77, 'Кириши'),
(1827, 2, 52, 'Киров'),
(1828, 2, 48, 'Киров'),
(1829, 2, 81, 'Кировград'),
(1830, 2, 52, 'Кирово-Чепецк'),
(1831, 2, 64, 'Кировск'),
(1832, 2, 77, 'Кировск'),
(1833, 2, 72, 'Кировский'),
(1834, 2, 49, 'Кировский'),
(1835, 2, 52, 'Кирс'),
(1836, 2, 85, 'Кирсанов'),
(1837, 2, 98, 'Киря'),
(1838, 2, 51, 'Киселевск'),
(1839, 2, 84, 'Кисловодск'),
(1840, 2, 37, 'Кичменгский Городок'),
(1841, 2, 91, 'Киясово'),
(1842, 2, 33, 'Клетня'),
(1843, 2, 36, 'Клетский'),
(1844, 2, 33, 'Климово'),
(1845, 2, 63, 'Климовск'),
(1846, 2, 63, 'Клин'),
(1847, 2, 33, 'Клинцы'),
(1848, 2, 97, 'Кличка'),
(1849, 2, 97, 'Ключевский'),
(1850, 2, 27, 'Ключи'),
(1851, 2, 49, 'Ключи'),
(1852, 2, 76, 'Клявлино'),
(1853, 2, 63, 'Клязьма'),
(1854, 2, 39, 'Княгинино'),
(1855, 2, 28, 'Коболдо'),
(1856, 2, 52, 'Кобра'),
(1857, 2, 77, 'Кобринское'),
(1858, 2, 64, 'Ковдор'),
(1859, 2, 39, 'Ковернино'),
(1860, 2, 35, 'Ковров'),
(1861, 2, 62, 'Ковылкино'),
(1862, 2, 90, 'Когалым'),
(1863, 2, 29, 'Кодино'),
(1864, 2, 56, 'Кодинск'),
(1865, 2, 87, 'Кожевниково'),
(1866, 2, 63, 'Кожино'),
(1867, 2, 53, 'Кожым'),
(1868, 2, 48, 'Козельск'),
(1869, 2, 56, 'Козулька'),
(1870, 2, 61, 'Козьмодемьянск'),
(1871, 2, 53, 'Койгородок'),
(1872, 2, 33, 'Кокаревка'),
(1873, 2, 63, 'Кокошкино'),
(1874, 2, 74, 'Коксовый'),
(1875, 2, 97, 'Кокуй'),
(1876, 2, 64, 'Кола'),
(1877, 2, 54, 'Кологрив'),
(1878, 2, 63, 'Коломна'),
(1879, 2, 67, 'Колосовка'),
(1880, 2, 87, 'Колпашево'),
(1881, 2, 77, 'Колпино'),
(1882, 2, 69, 'Колпны'),
(1883, 2, 66, 'Колывань'),
(1884, 2, 70, 'Колышлей'),
(1885, 2, 35, 'Кольчугино'),
(1886, 2, 63, 'Колюбакино'),
(1887, 2, 33, 'Комаричи'),
(1888, 2, 77, 'Коммунар'),
(1889, 2, 42, 'Комсомольск'),
(1890, 2, 94, 'Комсомольск-на-Амуре'),
(1891, 2, 62, 'Комсомольский'),
(1892, 2, 47, 'Комсомольский'),
(1893, 2, 98, 'Комсомольское'),
(1894, 2, 46, 'Конаково'),
(1895, 2, 64, 'Конда'),
(1896, 2, 90, 'Кондинское'),
(1897, 2, 70, 'Кондоль'),
(1898, 2, 50, 'Кондопога'),
(1899, 2, 48, 'Кондрово'),
(1900, 2, 29, 'Коноша'),
(1901, 2, 74, 'Константиновск'),
(1902, 2, 58, 'Конышевка'),
(1903, 2, 95, 'Копейск'),
(1904, 2, 56, 'Копьево'),
(1905, 2, 75, 'Кораблино'),
(1906, 2, 58, 'Коренево'),
(1907, 2, 55, 'Кореновск'),
(1908, 2, 95, 'Коркино'),
(1909, 2, 67, 'Кормиловка'),
(1910, 2, 63, 'Королев'),
(1911, 2, 32, 'Короча'),
(1912, 2, 80, 'Корсаков'),
(1913, 2, 53, 'Корткерос'),
(1914, 2, 29, 'Коряжма'),
(1915, 2, 71, 'Коса'),
(1916, 2, 63, 'Косино'),
(1917, 2, 53, 'Кослан'),
(1918, 2, 50, 'Костомукша'),
(1919, 2, 54, 'Кострома'),
(1920, 2, 63, 'Котельники'),
(1921, 2, 36, 'Котельниково'),
(1922, 2, 52, 'Котельнич'),
(1923, 2, 29, 'Котлас'),
(1924, 2, 36, 'Котово'),
(1925, 2, 85, 'Котовск'),
(1926, 2, 42, 'Кохма'),
(1927, 2, 71, 'Кочево'),
(1928, 2, 62, 'Кочкурово'),
(1929, 2, 84, 'Кочубеевское'),
(1930, 2, 40, 'Кочубей'),
(1931, 2, 27, 'Кош-Агач'),
(1932, 2, 76, 'Кошки'),
(1933, 2, 51, 'Крапивинский'),
(1934, 2, 49, 'Крапивная'),
(1935, 2, 63, 'Красково'),
(1936, 2, 33, 'Красная Гора'),
(1937, 2, 35, 'Красная Горбатка'),
(1938, 2, 69, 'Красная Заря'),
(1939, 2, 78, 'Красноармейск'),
(1940, 2, 63, 'Красноармейск'),
(1941, 2, 55, 'Красноармейская'),
(1942, 2, 98, 'Красноармейское'),
(1943, 2, 76, 'Красноармейское'),
(1944, 2, 29, 'Красноборск'),
(1945, 2, 71, 'Красновишерск'),
(1946, 2, 32, 'Красногвардейское'),
(1947, 2, 84, 'Красногвардейское'),
(1948, 2, 73, 'Красногородское'),
(1949, 2, 63, 'Красногорск'),
(1950, 2, 27, 'Красногорское'),
(1951, 2, 91, 'Красногорское'),
(1952, 2, 55, 'Краснодар'),
(1953, 2, 54, 'Красное-на-Волге'),
(1954, 2, 63, 'Краснозаводск'),
(1955, 2, 66, 'Краснозерское'),
(1956, 2, 63, 'Краснознаменск'),
(1957, 2, 45, 'Краснознаменск'),
(1958, 2, 97, 'Краснокаменск'),
(1959, 2, 71, 'Краснокамск'),
(1960, 2, 90, 'Красноселькуп'),
(1961, 2, 62, 'Краснослободск'),
(1962, 2, 56, 'Краснотуранск'),
(1963, 2, 81, 'Краснотурьинск'),
(1964, 2, 81, 'Красноуральск'),
(1965, 2, 31, 'Красноусольский'),
(1966, 2, 81, 'Красноуфимск'),
(1967, 2, 27, 'Краснощеково'),
(1968, 2, 56, 'Красноярск'),
(1969, 2, 39, 'Красные Баки'),
(1970, 2, 98, 'Красные Четаи'),
(1971, 2, 83, 'Красный'),
(1972, 2, 78, 'Красный Кут'),
(1973, 2, 74, 'Красный Сулин'),
(1974, 2, 63, 'Красный Ткач'),
(1975, 2, 46, 'Красный Холм'),
(1976, 2, 97, 'Красный Чикой'),
(1977, 2, 30, 'Красный Яр'),
(1978, 2, 76, 'Красный Яр'),
(1979, 2, 65, 'Кресцы'),
(1980, 2, 87, 'Кривошеино'),
(1981, 2, 69, 'Кромы'),
(1982, 2, 77, 'Кронштадт'),
(1983, 2, 55, 'Кропоткин'),
(1984, 2, 67, 'Крутинка'),
(1985, 2, 66, 'Крутиха'),
(1986, 2, 55, 'Крыловская'),
(1987, 2, 55, 'Крымск'),
(1988, 2, 63, 'Крюково'),
(1989, 2, 39, 'Кстово'),
(1990, 2, 63, 'Кубинка'),
(1991, 2, 68, 'Кувандык'),
(1992, 2, 46, 'Кувшиново'),
(1993, 2, 98, 'Кугеси'),
(1994, 2, 71, 'Кудымкар'),
(1995, 2, 71, 'Куеда'),
(1996, 2, 61, 'Куженер'),
(1997, 2, 70, 'Кузнецк');
INSERT INTO `city` (`id_city`, `id_country`, `id_region`, `name`) VALUES
(1998, 2, 92, 'Кузоватово'),
(1999, 2, 86, 'Куйбышев'),
(2000, 2, 66, 'Куйбышев'),
(2001, 2, 76, 'Куйбышев'),
(2002, 2, 74, 'Куйбышево'),
(2003, 2, 43, 'Куйтун'),
(2004, 2, 86, 'Кукмод'),
(2005, 2, 86, 'Кукмор'),
(2006, 2, 39, 'Кулебаки'),
(2007, 2, 43, 'Култук'),
(2008, 2, 27, 'Кулунда'),
(2009, 2, 52, 'Кумены'),
(2010, 2, 31, 'Кумертау'),
(2011, 2, 40, 'Кумух'),
(2012, 2, 36, 'Кумылженская'),
(2013, 2, 95, 'Кунашак'),
(2014, 2, 71, 'Кунгур'),
(2015, 2, 73, 'Кунья'),
(2016, 2, 63, 'Купавна'),
(2017, 2, 66, 'Купино'),
(2018, 2, 56, 'Курагино'),
(2019, 2, 40, 'Курах'),
(2020, 2, 57, 'Курган'),
(2021, 2, 55, 'Курганинск'),
(2022, 2, 80, 'Курильск'),
(2023, 2, 89, 'Куркино'),
(2024, 2, 68, 'Курманаевка'),
(2025, 2, 63, 'Куровское'),
(2026, 2, 84, 'Курсавка'),
(2027, 2, 58, 'Курск'),
(2028, 2, 57, 'Куртамыш'),
(2029, 2, 34, 'Курумкан'),
(2030, 2, 58, 'Курчатов'),
(2031, 2, 95, 'Куса'),
(2032, 2, 43, 'Кутулик'),
(2033, 2, 81, 'Кушва'),
(2034, 2, 31, 'Кушнаренково'),
(2035, 2, 55, 'Кущевская'),
(2036, 2, 58, 'Кшенский'),
(2037, 2, 88, 'Кызыл'),
(2038, 2, 97, 'Кыра'),
(2039, 2, 34, 'Кырен'),
(2040, 2, 27, 'Кытманово'),
(2041, 2, 66, 'Кыштовка'),
(2042, 2, 95, 'Кыштым'),
(2043, 2, 34, 'Кяхта'),
(2044, 2, 55, 'Лабинск'),
(2045, 2, 90, 'Лабытнанги'),
(2046, 2, 60, 'Лаврентия'),
(2047, 2, 72, 'Лазо'),
(2048, 2, 86, 'Лаишево'),
(2049, 2, 103, 'Лангепас'),
(2050, 2, 90, 'Ларьяк'),
(2051, 2, 50, 'Лахденпохья'),
(2052, 2, 59, 'Лебедянь'),
(2053, 2, 57, 'Лебяжье'),
(2054, 2, 59, 'Лев Толстой'),
(2055, 2, 84, 'Левокумское'),
(2056, 2, 55, 'Лениградская'),
(2057, 2, 86, 'Лениногорск'),
(2058, 2, 36, 'Ленинск'),
(2059, 2, 51, 'Ленинск-Кузнецкий'),
(2060, 2, 89, 'Ленинский'),
(2061, 2, 52, 'Ленинское'),
(2062, 2, 94, 'Ленинское'),
(2063, 2, 79, 'Ленск'),
(2064, 2, 46, 'Лесное'),
(2065, 2, 81, 'Лесной'),
(2066, 2, 63, 'Лесной Городок'),
(2067, 2, 72, 'Лесозаводск'),
(2068, 2, 56, 'Лесосибирск'),
(2069, 2, 29, 'Лешуконское'),
(2070, 2, 69, 'Ливны'),
(2071, 2, 63, 'Ликино-Дулево'),
(2072, 2, 30, 'Лиман'),
(2073, 2, 59, 'Липецк'),
(2074, 2, 37, 'Липин Бор'),
(2075, 2, 77, 'Лисий Нос'),
(2076, 2, 38, 'Лиски'),
(2077, 2, 46, 'Лихославль'),
(2078, 2, 63, 'Лобня'),
(2079, 2, 77, 'Лодейное Поле'),
(2080, 2, 73, 'Локня'),
(2081, 2, 33, 'Локоть'),
(2082, 2, 77, 'Ломоносов'),
(2083, 2, 70, 'Лопатино'),
(2084, 2, 63, 'Лопатинский'),
(2085, 2, 63, 'Лосино-Петровский'),
(2086, 2, 63, 'Лотошино'),
(2087, 2, 50, 'Лоухи'),
(2088, 2, 77, 'Луга'),
(2089, 2, 52, 'Луза'),
(2090, 2, 63, 'Лукино'),
(2091, 2, 39, 'Лукоянов'),
(2092, 2, 42, 'Лух'),
(2093, 2, 63, 'Луховицы'),
(2094, 2, 72, 'Лучегорск'),
(2095, 2, 39, 'Лысково'),
(2096, 2, 78, 'Лысые Горы'),
(2097, 2, 71, 'Лысьва'),
(2098, 2, 63, 'Лыткарино'),
(2099, 2, 63, 'Львовский'),
(2100, 2, 58, 'Льгов'),
(2101, 2, 63, 'Люберцы'),
(2102, 2, 99, 'Любим'),
(2103, 2, 67, 'Любинский'),
(2104, 2, 65, 'Любытино'),
(2105, 2, 48, 'Людиново'),
(2106, 2, 62, 'Лямбирь'),
(2107, 2, 103, 'Лянтор'),
(2108, 2, 60, 'Магадан'),
(2109, 2, 40, 'Магарамкент'),
(2110, 2, 28, 'Магдагачи'),
(2111, 2, 95, 'Магнитогорск'),
(2112, 2, 40, 'Маджалис'),
(2113, 2, 55, 'Майкоп'),
(2114, 2, 100, 'Майкоп'),
(2115, 2, 92, 'Майна'),
(2116, 2, 44, 'Майский'),
(2117, 2, 79, 'Майя'),
(2118, 2, 80, 'Макаров'),
(2119, 2, 54, 'Макарьев'),
(2120, 2, 46, 'Максатиха'),
(2121, 2, 57, 'Макушино'),
(2122, 2, 63, 'Малаховка'),
(2123, 2, 65, 'Малая Вишера'),
(2124, 2, 70, 'Малая Сердоба'),
(2125, 2, 96, 'Малгобек'),
(2126, 2, 52, 'Малмыж'),
(2127, 2, 69, 'Малоархангельск'),
(2128, 2, 31, 'Малояз'),
(2129, 2, 48, 'Малоярославец'),
(2130, 2, 47, 'Малые Дербеты'),
(2131, 2, 43, 'Мама'),
(2132, 2, 86, 'Мамадыш'),
(2133, 2, 45, 'Мамоново'),
(2134, 2, 27, 'Мамонтово'),
(2135, 2, 58, 'Мантурово'),
(2136, 2, 54, 'Мантурово'),
(2137, 2, 65, 'Марево'),
(2138, 2, 61, 'Мари-Турек'),
(2139, 2, 51, 'Мариинск'),
(2140, 2, 98, 'Мариинский Посад'),
(2141, 2, 78, 'Маркс'),
(2142, 2, 67, 'Марьяновка'),
(2143, 2, 66, 'Маслянино'),
(2144, 2, 74, 'Матвеев Курган'),
(2145, 2, 68, 'Матвеевка'),
(2146, 2, 40, 'Махачкала'),
(2147, 2, 33, 'Мглин'),
(2148, 2, 103, 'Мегион'),
(2149, 2, 90, 'Мегион'),
(2150, 2, 61, 'Медведево'),
(2151, 2, 50, 'Медвежьегорск'),
(2152, 2, 58, 'Медвенка'),
(2153, 2, 68, 'Медногорск'),
(2154, 2, 48, 'Медынь'),
(2155, 2, 51, 'Междуреченск'),
(2156, 2, 29, 'Мезень'),
(2157, 2, 35, 'Меленки'),
(2158, 2, 31, 'Мелеуз'),
(2159, 2, 87, 'Мельниково'),
(2160, 2, 86, 'Менделеевск'),
(2161, 2, 86, 'Мензелинск'),
(2162, 2, 79, 'Менкеря'),
(2163, 2, 31, 'Месягутово'),
(2164, 2, 40, 'Мехельта'),
(2165, 2, 48, 'Мещовск'),
(2166, 2, 95, 'Миасс'),
(2167, 2, 74, 'Мигулинская'),
(2168, 2, 74, 'Миллерово'),
(2169, 2, 75, 'Милославское'),
(2170, 2, 49, 'Мильково'),
(2171, 2, 74, 'Милютинская'),
(2172, 2, 84, 'Минеральные Воды'),
(2173, 2, 56, 'Минусинск'),
(2174, 2, 79, 'Мирный'),
(2175, 2, 29, 'Мирный'),
(2176, 2, 75, 'Михайлов'),
(2177, 2, 72, 'Михайловка'),
(2178, 2, 36, 'Михайловка'),
(2179, 2, 81, 'Михайловск'),
(2180, 2, 66, 'Михайловский'),
(2181, 2, 63, 'Михайловское'),
(2182, 2, 63, 'Михнево'),
(2183, 2, 85, 'Мичуринск'),
(2184, 2, 57, 'Мишкино'),
(2185, 2, 97, 'Моготуй'),
(2186, 2, 97, 'Могоча'),
(2187, 2, 63, 'Можайск'),
(2188, 2, 91, 'Можга'),
(2189, 2, 82, 'Моздок'),
(2190, 2, 78, 'Мокроус'),
(2191, 2, 57, 'Мокроусово'),
(2192, 2, 70, 'Мокшан'),
(2193, 2, 46, 'Молоково'),
(2194, 2, 87, 'Молчаново'),
(2195, 2, 83, 'Монастырщина'),
(2196, 2, 34, 'Монды'),
(2197, 2, 63, 'Монино'),
(2198, 2, 64, 'Мончегорск'),
(2199, 2, 98, 'Моргауши'),
(2200, 2, 85, 'Мордово'),
(2201, 2, 61, 'Морки'),
(2202, 2, 74, 'Морозовск'),
(2203, 2, 85, 'Моршанск'),
(2204, 2, 48, 'Мосальск'),
(2205, 2, 63, 'Москва'),
(2206, 2, 55, 'Мостовской'),
(2207, 2, 56, 'Мотыгино'),
(2208, 2, 65, 'Мошенское'),
(2209, 2, 66, 'Мошково'),
(2210, 2, 31, 'Мраково'),
(2211, 2, 50, 'Муезерский'),
(2212, 2, 90, 'Мужи'),
(2213, 2, 90, 'Муравленко'),
(2214, 2, 104, 'Муравленко'),
(2215, 2, 52, 'Мураши'),
(2216, 2, 64, 'Мурманск'),
(2217, 2, 64, 'Мурмаши'),
(2218, 2, 35, 'Муром'),
(2219, 2, 67, 'Муромцево'),
(2220, 2, 86, 'Муслюмово'),
(2221, 2, 63, 'Муханово'),
(2222, 2, 34, 'Мухоршибирь'),
(2223, 2, 85, 'Мучкапский'),
(2224, 2, 69, 'Мценск'),
(2225, 2, 60, 'Мыс Шмидта'),
(2226, 2, 51, 'Мыски'),
(2227, 2, 63, 'Мытищи'),
(2228, 2, 99, 'Мышкино'),
(2229, 2, 86, 'Набережные Челны'),
(2230, 2, 39, 'Навашино'),
(2231, 2, 33, 'Навля'),
(2232, 2, 52, 'Нагорск'),
(2233, 2, 90, 'Надым'),
(2234, 2, 104, 'Надым'),
(2235, 2, 56, 'Назарово'),
(2236, 2, 96, 'Назрань'),
(2237, 2, 67, 'Называевск'),
(2238, 2, 44, 'Нальчик'),
(2239, 2, 70, 'Наровчат'),
(2240, 2, 63, 'Нарофоминск'),
(2241, 2, 44, 'Нарткала'),
(2242, 2, 69, 'Нарышкино'),
(2243, 2, 29, 'Нарьян-Мар'),
(2244, 2, 96, 'Наурская'),
(2245, 2, 63, 'Нахабино'),
(2246, 2, 72, 'Находка'),
(2247, 2, 90, 'Находка'),
(2248, 2, 30, 'Началово'),
(2249, 2, 73, 'Невель'),
(2250, 2, 80, 'Невельск'),
(2251, 2, 70, 'Неверкино'),
(2252, 2, 84, 'Невинномысск'),
(2253, 2, 81, 'Невьянск'),
(2254, 2, 63, 'Некрасовка'),
(2255, 2, 99, 'Некрасовское'),
(2256, 2, 46, 'Нелидово'),
(2257, 2, 94, 'Нелькан'),
(2258, 2, 52, 'Нема'),
(2259, 2, 45, 'Неман'),
(2260, 2, 63, 'Немчиновка'),
(2261, 2, 54, 'Нерехта'),
(2262, 2, 97, 'Нерчинск'),
(2263, 2, 97, 'Нерчинский Завод'),
(2264, 2, 79, 'Нерюнгри'),
(2265, 2, 45, 'Нестеров'),
(2266, 2, 76, 'Нефтегорск'),
(2267, 2, 31, 'Нефтекамск'),
(2268, 2, 84, 'Нефтекумск'),
(2269, 2, 90, 'Нефтеюганск'),
(2270, 2, 103, 'Нефтеюганск'),
(2271, 2, 36, 'Нехаевский'),
(2272, 2, 54, 'Нея'),
(2273, 2, 34, 'Нижнеангарск'),
(2274, 2, 90, 'Нижневартовск'),
(2275, 2, 103, 'Нижневартовск'),
(2276, 2, 38, 'Нижнедевицк'),
(2277, 2, 86, 'Нижнекамск'),
(2278, 2, 43, 'Нижнеудинск'),
(2279, 2, 81, 'Нижние Серги'),
(2280, 2, 56, 'Нижний Ингаш'),
(2281, 2, 70, 'Нижний Ломов'),
(2282, 2, 39, 'Нижний Новгород'),
(2283, 2, 81, 'Нижний Тагил'),
(2284, 2, 97, 'Нижний Часучей'),
(2285, 2, 67, 'Нижняя Омка'),
(2286, 2, 81, 'Нижняя Салда'),
(2287, 2, 90, 'Нижняя Тавда'),
(2288, 2, 81, 'Нижняя Тура'),
(2289, 2, 64, 'Никель'),
(2290, 2, 36, 'Николаевск'),
(2291, 2, 94, 'Николаевск-на-Амуре'),
(2292, 2, 37, 'Никольск'),
(2293, 2, 70, 'Никольск'),
(2294, 2, 49, 'Никольское'),
(2295, 2, 81, 'Новая Ляля'),
(2296, 2, 92, 'Новая Малыкла'),
(2297, 2, 38, 'Новая Усмань'),
(2298, 2, 65, 'Новгород'),
(2299, 2, 27, 'Новичиха'),
(2300, 2, 84, 'Новоалександровск'),
(2301, 2, 84, 'Новоалександровская'),
(2302, 2, 27, 'Новоалтайск'),
(2303, 2, 36, 'Новоаннинский'),
(2304, 2, 63, 'Новобратцевский'),
(2305, 2, 28, 'Новобурейский'),
(2306, 2, 67, 'Нововаршавка'),
(2307, 2, 38, 'нововоронеж'),
(2308, 2, 52, 'Нововятск'),
(2309, 2, 29, 'Новодвинск'),
(2310, 2, 83, 'Новодугино'),
(2311, 2, 33, 'Новозыбков'),
(2312, 2, 51, 'Новокузнецк'),
(2313, 2, 76, 'Новокуйбышевск'),
(2314, 2, 40, 'Новолакское'),
(2315, 2, 89, 'Новомосковск'),
(2316, 2, 36, 'Новониколаевский'),
(2317, 2, 68, 'Новоорск'),
(2318, 2, 84, 'Новопавловск'),
(2319, 2, 63, 'Новоподрезково'),
(2320, 2, 72, 'Новопокровка'),
(2321, 2, 73, 'Новоржев'),
(2322, 2, 55, 'Новороссийск'),
(2323, 2, 84, 'Новоселицкое'),
(2324, 2, 56, 'Новоселово'),
(2325, 2, 68, 'Новосергиевка'),
(2326, 2, 66, 'Новосибирск'),
(2327, 2, 69, 'Новосиль'),
(2328, 2, 73, 'Новосокольники'),
(2329, 2, 92, 'Новоспасское'),
(2330, 2, 68, 'Новотроицк'),
(2331, 2, 78, 'Новоузенск'),
(2332, 2, 81, 'Новоуральск'),
(2333, 2, 38, 'Новохоперск'),
(2334, 2, 98, 'Новочебоксарск'),
(2335, 2, 74, 'Новочеркасск'),
(2336, 2, 74, 'Новошахтинск'),
(2337, 2, 86, 'Новошешминск'),
(2338, 2, 78, 'Новые Бурасы'),
(2339, 2, 99, 'Новый Некоуз'),
(2340, 2, 32, 'Новый Оскол'),
(2341, 2, 61, 'Новый Торьял'),
(2342, 2, 90, 'Новый Уренгой'),
(2343, 2, 104, 'Новый Уренгой'),
(2344, 2, 63, 'Ногинск'),
(2345, 2, 80, 'Ноглики'),
(2346, 2, 96, 'Ножай-Юрт'),
(2347, 2, 52, 'Нолинск'),
(2348, 2, 56, 'Норильск'),
(2349, 2, 90, 'Ноябрьск'),
(2350, 2, 104, 'Ноябрьск'),
(2351, 2, 86, 'Нурлат'),
(2352, 2, 71, 'Ныроб'),
(2353, 2, 71, 'Нытва'),
(2354, 2, 79, 'Нычалах'),
(2355, 2, 37, 'Нюксеница'),
(2356, 2, 79, 'Нюрба'),
(2357, 2, 90, 'Нягань'),
(2358, 2, 103, 'Нягань'),
(2359, 2, 29, 'Няндома'),
(2360, 2, 74, 'Обливская'),
(2361, 2, 94, 'Облучье'),
(2362, 2, 48, 'Обнинск'),
(2363, 2, 58, 'Обоянь'),
(2364, 2, 63, 'Обухово'),
(2365, 2, 53, 'Объячево'),
(2366, 2, 67, 'Одесское'),
(2367, 2, 63, 'Одинцово'),
(2368, 2, 89, 'Одоев'),
(2369, 2, 63, 'Ожерелье'),
(2370, 2, 49, 'Озерновский'),
(2371, 2, 95, 'Озерск'),
(2372, 2, 45, 'Озерск'),
(2373, 2, 63, 'Озеры'),
(2374, 2, 78, 'Озинки'),
(2375, 2, 67, 'Оконешниково'),
(2376, 2, 76, 'Октябрьск'),
(2377, 2, 31, 'Октябрьский'),
(2378, 2, 63, 'Октябрьский'),
(2379, 2, 71, 'Октябрьский'),
(2380, 2, 95, 'Октябрьское'),
(2381, 2, 90, 'Октябрьское'),
(2382, 2, 68, 'Октябрьское'),
(2383, 2, 65, 'Окуловка'),
(2384, 2, 60, 'Ола'),
(2385, 2, 79, 'Олекминск'),
(2386, 2, 64, 'Оленегорск'),
(2387, 2, 46, 'Оленино'),
(2388, 2, 97, 'Оловянная'),
(2389, 2, 50, 'Олонец'),
(2390, 2, 72, 'Ольга'),
(2391, 2, 38, 'Ольховатка'),
(2392, 2, 36, 'Ольховка'),
(2393, 2, 60, 'Омонск'),
(2394, 2, 67, 'Омск'),
(2395, 2, 60, 'Омсукчан'),
(2396, 2, 90, 'Омутинский'),
(2397, 2, 52, 'Омутнинск'),
(2398, 2, 27, 'Онгудай'),
(2399, 2, 29, 'Онега'),
(2400, 2, 63, 'Опалиха'),
(2401, 2, 52, 'Опарино'),
(2402, 2, 73, 'Опочка'),
(2403, 2, 71, 'Орда'),
(2404, 2, 82, 'Орджоникидзе'),
(2405, 2, 96, 'Орджоникидзевская'),
(2406, 2, 66, 'Ордынское'),
(2407, 2, 69, 'Орел'),
(2408, 2, 68, 'Оренбург'),
(2409, 2, 63, 'Орехово-Зуево'),
(2410, 2, 52, 'Оричи'),
(2411, 2, 34, 'Орлик'),
(2412, 2, 74, 'Орловский'),
(2413, 2, 68, 'Орск'),
(2414, 2, 61, 'Оршанка'),
(2415, 2, 43, 'Оса'),
(2416, 2, 71, 'Оса'),
(2417, 2, 51, 'Осинники'),
(2418, 2, 49, 'Оссора'),
(2419, 2, 46, 'Осташков'),
(2420, 2, 73, 'Остров'),
(2421, 2, 54, 'Островское'),
(2422, 2, 38, 'Острогожск'),
(2423, 2, 55, 'Отрадная'),
(2424, 2, 76, 'Отрадный'),
(2425, 2, 81, 'Оус'),
(2426, 2, 80, 'Оха'),
(2427, 2, 71, 'Оханск'),
(2428, 2, 94, 'Охотск'),
(2429, 2, 71, 'Очер'),
(2430, 2, 54, 'Павино'),
(2431, 2, 92, 'Павловка'),
(2432, 2, 39, 'Павлово'),
(2433, 2, 27, 'Павловск'),
(2434, 2, 38, 'Павловск'),
(2435, 2, 77, 'Павловск'),
(2436, 2, 55, 'Павловская'),
(2437, 2, 63, 'Павловский Посад'),
(2438, 2, 67, 'Павлоградка'),
(2439, 2, 49, 'Палана'),
(2440, 2, 60, 'Палатка'),
(2441, 2, 42, 'Палех'),
(2442, 2, 73, 'Палкино'),
(2443, 2, 36, 'Палласовка'),
(2444, 2, 38, 'Панино'),
(2445, 2, 87, 'Парабель'),
(2446, 2, 61, 'Параньга'),
(2447, 2, 77, 'Парголово'),
(2448, 2, 49, 'Парень'),
(2449, 2, 72, 'Партизанск'),
(2450, 2, 56, 'Партизанское'),
(2451, 2, 54, 'Парфентьево'),
(2452, 2, 65, 'Парфино'),
(2453, 2, 49, 'Пахачи'),
(2454, 2, 70, 'Пачелма'),
(2455, 2, 60, 'Певек'),
(2456, 2, 70, 'Пенза'),
(2457, 2, 46, 'Пено'),
(2458, 2, 39, 'Первомайск'),
(2459, 2, 85, 'Первомайский'),
(2460, 2, 97, 'Первомайский'),
(2461, 2, 68, 'Первомайский'),
(2462, 2, 63, 'Первомайский'),
(2463, 2, 87, 'Первомайское'),
(2464, 2, 81, 'Первоуральск'),
(2465, 2, 39, 'Перевоз'),
(2466, 2, 68, 'Переволоцкий'),
(2467, 2, 78, 'Перелюб'),
(2468, 2, 93, 'Переметное'),
(2469, 2, 48, 'Перемышль'),
(2470, 2, 99, 'Переславль-Залесский'),
(2471, 2, 94, 'Переяславка'),
(2472, 2, 71, 'Пермь'),
(2473, 2, 63, 'Пески'),
(2474, 2, 65, 'Пестово'),
(2475, 2, 76, 'Пестравка'),
(2476, 2, 86, 'Пестрецы'),
(2477, 2, 42, 'Пестяки'),
(2478, 2, 74, 'Песчанокопское'),
(2479, 2, 78, 'Петровск'),
(2480, 2, 97, 'Петровск-Забайкальский'),
(2481, 2, 85, 'Петровское'),
(2482, 2, 77, 'Петродворец'),
(2483, 2, 50, 'Петрозаводск'),
(2484, 2, 38, 'Петропавловка'),
(2485, 2, 34, 'Петропавловка'),
(2486, 2, 49, 'Петропавловск-Камчатский'),
(2487, 2, 27, 'Петропавловское'),
(2488, 2, 57, 'Петухово'),
(2489, 2, 35, 'Петушки'),
(2490, 2, 53, 'Печора'),
(2491, 2, 73, 'Печоры'),
(2492, 2, 52, 'Пижанка'),
(2493, 2, 77, 'Пикалёво'),
(2494, 2, 39, 'Пильна'),
(2495, 2, 29, 'Пинега'),
(2496, 2, 56, 'Пировское'),
(2497, 2, 63, 'Пироговский'),
(2498, 2, 75, 'Пителино'),
(2499, 2, 78, 'Питерка'),
(2500, 2, 50, 'Питкяранта'),
(2501, 2, 85, 'Пичаево'),
(2502, 2, 89, 'Плавск'),
(2503, 2, 95, 'Пласт'),
(2504, 2, 29, 'Плесецк'),
(2505, 2, 73, 'Плюсса'),
(2506, 2, 50, 'Повенец'),
(2507, 2, 38, 'Поворино'),
(2508, 2, 33, 'Погар'),
(2509, 2, 72, 'Пограничный'),
(2510, 2, 38, 'Подгоренский'),
(2511, 2, 87, 'Подгорное'),
(2512, 2, 65, 'Поддорье'),
(2513, 2, 63, 'Подольск'),
(2514, 2, 52, 'Подосиновец'),
(2515, 2, 77, 'Подпорожье'),
(2516, 2, 103, 'Покачи'),
(2517, 2, 35, 'Покров'),
(2518, 2, 72, 'Покровка'),
(2519, 2, 79, 'Покровск'),
(2520, 2, 74, 'Покровское'),
(2521, 2, 69, 'Покровское'),
(2522, 2, 81, 'Полевской'),
(2523, 2, 45, 'Полесск'),
(2524, 2, 57, 'Половинное'),
(2525, 2, 67, 'Полтавка'),
(2526, 2, 63, 'Полушкино'),
(2527, 2, 64, 'Полярные Зори'),
(2528, 2, 64, 'Полярный'),
(2529, 2, 54, 'Поназырево'),
(2530, 2, 68, 'Пономаревка'),
(2531, 2, 58, 'Поныри'),
(2532, 2, 98, 'Порецкое'),
(2533, 2, 80, 'Поронайск'),
(2534, 2, 73, 'Порхов'),
(2535, 2, 27, 'Поспелиха'),
(2536, 2, 76, 'Похвистнево'),
(2537, 2, 33, 'Почеп'),
(2538, 2, 39, 'Починки'),
(2539, 2, 83, 'Починок'),
(2540, 2, 99, 'Пошехонье-Володарск'),
(2541, 2, 28, 'Поярково'),
(2542, 2, 45, 'Правдинск'),
(2543, 2, 63, 'Правдинский'),
(2544, 2, 84, 'Преградная'),
(2545, 2, 97, 'Приаргунск'),
(2546, 2, 63, 'Привокзальный'),
(2547, 2, 42, 'Приволжск'),
(2548, 2, 76, 'Приволжье'),
(2549, 2, 55, 'Приморско-Ахтарск'),
(2550, 2, 103, 'Приобье'),
(2551, 2, 77, 'Приозерск'),
(2552, 2, 58, 'Пристень'),
(2553, 2, 47, 'Приютное'),
(2554, 2, 60, 'Провидения'),
(2555, 2, 51, 'Прокопьевск'),
(2556, 2, 74, 'Пролетарск'),
(2557, 2, 63, 'Пролетарский'),
(2558, 2, 51, 'Промышленная'),
(2559, 2, 75, 'Пронск'),
(2560, 2, 63, 'Протвино'),
(2561, 2, 44, 'Прохладный'),
(2562, 2, 50, 'Пряжа'),
(2563, 2, 58, 'Прямицыно'),
(2564, 2, 73, 'Псков'),
(2565, 2, 78, 'Пугачев'),
(2566, 2, 50, 'Пудож'),
(2567, 2, 104, 'Пуровск'),
(2568, 2, 73, 'Пустошка'),
(2569, 2, 75, 'Путятино'),
(2570, 2, 42, 'Пучеж'),
(2571, 2, 77, 'Пушкин'),
(2572, 2, 63, 'Пушкино'),
(2573, 2, 73, 'Пушкинские Горы'),
(2574, 2, 63, 'Пущино'),
(2575, 2, 73, 'Пыталово'),
(2576, 2, 103, 'Пыть-Ях'),
(2577, 2, 81, 'Пышма'),
(2578, 2, 84, 'Пятигорск'),
(2579, 2, 92, 'Радищево'),
(2580, 2, 63, 'Радовицкий'),
(2581, 2, 90, 'Радужный'),
(2582, 2, 103, 'Радужный'),
(2583, 2, 31, 'Раевский'),
(2584, 2, 28, 'Райчихинск'),
(2585, 2, 32, 'Ракитное'),
(2586, 2, 63, 'Раменское'),
(2587, 2, 46, 'Рамешки'),
(2588, 2, 38, 'Рамонь'),
(2589, 2, 85, 'Рассказово'),
(2590, 2, 27, 'Ребриха'),
(2591, 2, 81, 'Ревда'),
(2592, 2, 81, 'Реж'),
(2593, 2, 74, 'Ремонтное'),
(2594, 2, 38, 'Репьевка'),
(2595, 2, 63, 'Реутов'),
(2596, 2, 63, 'Решетниково'),
(2597, 2, 85, 'Ржакса'),
(2598, 2, 33, 'Ржаница'),
(2599, 2, 46, 'Ржев'),
(2600, 2, 32, 'Ровеньки'),
(2601, 2, 78, 'Ровное'),
(2602, 2, 33, 'Рогнедино'),
(2603, 2, 27, 'Родино'),
(2604, 2, 74, 'Родионово-Несветайская'),
(2605, 2, 63, 'Родники'),
(2606, 2, 42, 'Родники'),
(2607, 2, 78, 'Романовка'),
(2608, 2, 34, 'Романовка'),
(2609, 2, 28, 'Ромны'),
(2610, 2, 62, 'Ромоданово'),
(2611, 2, 83, 'Рославль'),
(2612, 2, 38, 'Россошь'),
(2613, 2, 99, 'Ростов'),
(2614, 2, 74, 'Ростов-на-Дону'),
(2615, 2, 63, 'Рошаль'),
(2616, 2, 78, 'Ртищево'),
(2617, 2, 63, 'Рублево'),
(2618, 2, 27, 'Рубцовск'),
(2619, 2, 36, 'Рудня'),
(2620, 2, 83, 'Рудня'),
(2621, 2, 63, 'Руза'),
(2622, 2, 62, 'Рузаевка'),
(2623, 2, 67, 'Русская Поляна'),
(2624, 2, 72, 'Русский'),
(2625, 2, 70, 'Русский Камешкир'),
(2626, 2, 40, 'Рутул'),
(2627, 2, 99, 'Рыбинск'),
(2628, 2, 86, 'Рыбная Слобода'),
(2629, 2, 75, 'Рыбное'),
(2630, 2, 58, 'Рыльск'),
(2631, 2, 75, 'Ряжск'),
(2632, 2, 75, 'Рязань'),
(2633, 2, 42, 'Савино'),
(2634, 2, 93, 'Сайхин'),
(2635, 2, 31, 'Салават'),
(2636, 2, 90, 'Салехард'),
(2637, 2, 104, 'Салехард'),
(2638, 2, 63, 'Салтыковка'),
(2639, 2, 74, 'Сальск'),
(2640, 2, 88, 'Самагалтай'),
(2641, 2, 76, 'Самара'),
(2642, 2, 72, 'Самарга'),
(2643, 2, 78, 'Самойловка'),
(2644, 2, 79, 'Сангар'),
(2645, 2, 46, 'Сандово'),
(2646, 2, 77, 'Санкт-Петербург'),
(2647, 2, 52, 'Санчурск'),
(2648, 2, 75, 'Сапожок'),
(2649, 2, 75, 'Сараи'),
(2650, 2, 68, 'Саракташ'),
(2651, 2, 62, 'Саранск'),
(2652, 2, 91, 'Сарапул'),
(2653, 2, 78, 'Саратов'),
(2654, 2, 67, 'Саргатское'),
(2655, 2, 86, 'Сарманово'),
(2656, 2, 39, 'Саров'),
(2657, 2, 88, 'Сарыг-Сеп'),
(2658, 2, 79, 'Саскылах'),
(2659, 2, 75, 'Сасово'),
(2660, 2, 95, 'Сатка'),
(2661, 2, 57, 'Сафакулево'),
(2662, 2, 83, 'Сафоново'),
(2663, 2, 101, 'Саяногорск'),
(2664, 2, 56, 'Саяногорск'),
(2665, 2, 43, 'Саянск'),
(2666, 2, 81, 'Свердловск'),
(2667, 2, 45, 'Светлогорск'),
(2668, 2, 84, 'Светлоград'),
(2669, 2, 45, 'Светлый'),
(2670, 2, 68, 'Светлый'),
(2671, 2, 36, 'Светлый Яр'),
(2672, 2, 52, 'Свеча'),
(2673, 2, 28, 'Свободный'),
(2674, 2, 73, 'Себеж'),
(2675, 2, 66, 'Северное'),
(2676, 2, 68, 'Северное'),
(2677, 2, 63, 'Северный'),
(2678, 2, 56, 'Северо-Енисейский'),
(2679, 2, 80, 'Северо-Курильск'),
(2680, 2, 34, 'Северобайкальск'),
(2681, 2, 29, 'Северодвинск'),
(2682, 2, 64, 'Североморск'),
(2683, 2, 81, 'Североуральск'),
(2684, 2, 87, 'Северск'),
(2685, 2, 55, 'Северская'),
(2686, 2, 33, 'Севск'),
(2687, 2, 50, 'Сегежа'),
(2688, 2, 67, 'Седельниково'),
(2689, 2, 60, 'Сеймчан'),
(2690, 2, 34, 'Селенгинск'),
(2691, 2, 46, 'Селижарово'),
(2692, 2, 91, 'Селты'),
(2693, 2, 74, 'Семикаракорск'),
(2694, 2, 38, 'Семилуки'),
(2695, 2, 92, 'Сенгилей'),
(2696, 2, 36, 'Серафимович'),
(2697, 2, 39, 'Сергач'),
(2698, 2, 63, 'Сергиев Посад'),
(2699, 2, 70, 'Сердобск'),
(2700, 2, 63, 'Серебряные Пруды'),
(2701, 2, 61, 'Сернур'),
(2702, 2, 81, 'Серов'),
(2703, 2, 63, 'Серпухов'),
(2704, 2, 28, 'Серышево'),
(2705, 2, 77, 'Сестрорецк'),
(2706, 2, 39, 'Сеченово'),
(2707, 2, 31, 'Сибай'),
(2708, 2, 95, 'Сим'),
(2709, 2, 60, 'Синегорье'),
(2710, 2, 28, 'Сковородино'),
(2711, 2, 75, 'Скопин'),
(2712, 2, 27, 'Славгород'),
(2713, 2, 45, 'Славск'),
(2714, 2, 72, 'Славянка'),
(2715, 2, 55, 'Славянск-на-Кубани'),
(2716, 2, 90, 'Сладково'),
(2717, 2, 77, 'Сланцы'),
(2718, 2, 52, 'Слободской'),
(2719, 2, 43, 'Слюдянка'),
(2720, 2, 94, 'Смидович'),
(2721, 2, 80, 'Смирных'),
(2722, 2, 83, 'Смоленск'),
(2723, 2, 27, 'Смоленское'),
(2724, 2, 95, 'Снежинск'),
(2725, 2, 64, 'Снежногорск'),
(2726, 2, 35, 'Собинка'),
(2727, 2, 52, 'Советск'),
(2728, 2, 45, 'Советск'),
(2729, 2, 94, 'Советская Гавань'),
(2730, 2, 61, 'Советский'),
(2731, 2, 90, 'Советский'),
(2732, 2, 96, 'Советское'),
(2733, 2, 44, 'Советское'),
(2734, 2, 47, 'Советское'),
(2735, 2, 40, 'Советское'),
(2736, 2, 37, 'Сокол'),
(2737, 2, 42, 'Сокольское'),
(2738, 2, 54, 'Солигалич'),
(2739, 2, 71, 'Соликамск'),
(2740, 2, 63, 'Солнечногорск'),
(2741, 2, 84, 'Солнечнодольск'),
(2742, 2, 63, 'Солнцево'),
(2743, 2, 27, 'Солонешное'),
(2744, 2, 27, 'Солтон'),
(2745, 2, 68, 'Соль-Илецк'),
(2746, 2, 29, 'Сольвычегодск'),
(2747, 2, 65, 'Сольцы'),
(2748, 2, 46, 'Сонково'),
(2749, 2, 68, 'Сорочинск'),
(2750, 2, 50, 'Сортавала'),
(2751, 2, 69, 'Сосково'),
(2752, 2, 34, 'Сосново-Озерское'),
(2753, 2, 70, 'Сосновоборск'),
(2754, 2, 56, 'Сосновоборск'),
(2755, 2, 39, 'Сосновское'),
(2756, 2, 77, 'Сосновый Бор'),
(2757, 2, 53, 'Сосногорск'),
(2758, 2, 81, 'Сосьва'),
(2759, 2, 94, 'Софийск'),
(2760, 2, 50, 'Софпорог'),
(2761, 2, 63, 'Софрино'),
(2762, 2, 55, 'Сочи'),
(2763, 2, 48, 'Спас-Деменск'),
(2764, 2, 75, 'Спас-Клепики'),
(2765, 2, 72, 'Спасск-Дальний'),
(2766, 2, 75, 'Спасск-Рязанский'),
(2767, 2, 39, 'Спасское'),
(2768, 2, 46, 'Спирово'),
(2769, 2, 79, 'Среднеколымск'),
(2770, 2, 81, 'Среднеуральск'),
(2771, 2, 36, 'Средняя Ахтуба'),
(2772, 2, 97, 'Сретенск'),
(2773, 2, 84, 'Ставрополь'),
(2774, 2, 36, 'Сталинград'),
(2775, 2, 92, 'Старая Кулатка'),
(2776, 2, 63, 'Старая Купавна'),
(2777, 2, 92, 'Старая Майна'),
(2778, 2, 36, 'Старая Полтавка'),
(2779, 2, 65, 'Старая Русса'),
(2780, 2, 63, 'Старбеево'),
(2781, 2, 46, 'Старица'),
(2782, 2, 27, 'Староаллейское'),
(2783, 2, 31, 'Старобалтачево'),
(2784, 2, 33, 'Стародуб'),
(2785, 2, 86, 'Старое Дрожжаное'),
(2786, 2, 62, 'Старое Шайгово'),
(2787, 2, 75, 'Старожилово'),
(2788, 2, 55, 'Староминская'),
(2789, 2, 31, 'Старосубхангулово'),
(2790, 2, 55, 'Старощербиновская'),
(2791, 2, 85, 'Староюрьево'),
(2792, 2, 32, 'Старый Оскол'),
(2793, 2, 78, 'Степное'),
(2794, 2, 84, 'Степное'),
(2795, 2, 31, 'Стерлибашево'),
(2796, 2, 31, 'Стерлитамак'),
(2797, 2, 28, 'Стойба'),
(2798, 2, 87, 'Стрежевой'),
(2799, 2, 32, 'Строитель'),
(2800, 2, 73, 'Струги-Красные'),
(2801, 2, 63, 'Ступино'),
(2802, 2, 89, 'Суворов'),
(2803, 2, 58, 'Суджа'),
(2804, 2, 54, 'Судиславль'),
(2805, 2, 35, 'Судогда'),
(2806, 2, 35, 'Суздаль'),
(2807, 2, 33, 'Суземка'),
(2808, 2, 66, 'Сузун'),
(2809, 2, 71, 'Суксун'),
(2810, 2, 52, 'Суна'),
(2811, 2, 79, 'Сунтар'),
(2812, 2, 50, 'Суоярви'),
(2813, 2, 70, 'Сура'),
(2814, 2, 33, 'Сураж'),
(2815, 2, 90, 'Сургут'),
(2816, 2, 103, 'Сургут'),
(2817, 2, 76, 'Сургут (Самарская обл.)'),
(2818, 2, 36, 'Суровикино'),
(2819, 2, 92, 'Сурское'),
(2820, 2, 54, 'Сусанино'),
(2821, 2, 60, 'Сусуман'),
(2822, 2, 88, 'Суть-Холь'),
(2823, 2, 48, 'Сухиничи'),
(2824, 2, 81, 'Сухой Лог'),
(2825, 2, 63, 'Сходня'),
(2826, 2, 76, 'Сызрань'),
(2827, 2, 53, 'Сыктывкар'),
(2828, 2, 81, 'Сысерть'),
(2829, 2, 83, 'Сычевка'),
(2830, 2, 91, 'Сюмси'),
(2831, 2, 37, 'Сямжа'),
(2832, 2, 81, 'Таборы'),
(2833, 2, 27, 'Табуны'),
(2834, 2, 81, 'Тавда'),
(2835, 2, 67, 'Таврическое'),
(2836, 2, 74, 'Таганрог'),
(2837, 2, 90, 'Тазовский'),
(2838, 2, 51, 'Тайга'),
(2839, 2, 43, 'Тайшет'),
(2840, 2, 34, 'Таксимо'),
(2841, 2, 63, 'Талдом'),
(2842, 2, 81, 'Талица'),
(2843, 2, 38, 'Таловая'),
(2844, 2, 27, 'Тальменка'),
(2845, 2, 70, 'Тамала'),
(2846, 2, 85, 'Тамбов'),
(2847, 2, 28, 'Тамбовка'),
(2848, 2, 67, 'Тара'),
(2849, 2, 74, 'Тарасовский'),
(2850, 2, 104, 'Тарко'),
(2851, 2, 90, 'Тарко-Сале'),
(2852, 2, 37, 'Тарногский Городок'),
(2853, 2, 40, 'Тарумовка'),
(2854, 2, 48, 'Таруса'),
(2855, 2, 56, 'Тасеево'),
(2856, 2, 66, 'Татарск'),
(2857, 2, 78, 'Татищево'),
(2858, 2, 74, 'Тацинский'),
(2859, 2, 68, 'Ташла'),
(2860, 2, 51, 'Таштагол'),
(2861, 2, 56, 'Таштып'),
(2862, 2, 55, 'Тбилисская'),
(2863, 2, 46, 'Тверь'),
(2864, 2, 84, 'Теберда'),
(2865, 2, 67, 'Тевриз'),
(2866, 2, 42, 'Тейково'),
(2867, 2, 63, 'Текстильщик'),
(2868, 2, 62, 'Темников'),
(2869, 2, 63, 'Темпы'),
(2870, 2, 55, 'Темрюк'),
(2871, 2, 62, 'Теньгушево'),
(2872, 2, 59, 'Тербуны'),
(2873, 2, 44, 'Терек'),
(2874, 2, 40, 'Терекли-Мектеб'),
(2875, 2, 92, 'Тереньга'),
(2876, 2, 72, 'Терней'),
(2877, 2, 38, 'Терновка'),
(2878, 2, 86, 'Тетюши'),
(2879, 2, 49, 'Тигиль'),
(2880, 2, 79, 'Тикси'),
(2881, 2, 49, 'Тиличики'),
(2882, 2, 58, 'Тим'),
(2883, 2, 55, 'Тимашевск'),
(2884, 2, 51, 'Тисуль'),
(2885, 2, 77, 'Тихвин'),
(2886, 2, 55, 'Тихорецк'),
(2887, 2, 63, 'Тишково'),
(2888, 2, 40, 'Тлярата'),
(2889, 2, 90, 'Тобольск'),
(2890, 2, 66, 'Тогучин'),
(2891, 2, 85, 'Токаревка'),
(2892, 2, 76, 'Тольятти'),
(2893, 2, 80, 'Томари'),
(2894, 2, 63, 'Томилино'),
(2895, 2, 87, 'Томск'),
(2896, 2, 39, 'Тонкино'),
(2897, 2, 39, 'Тоншаево'),
(2898, 2, 88, 'Тоора-Хем'),
(2899, 2, 51, 'Топки'),
(2900, 2, 27, 'Топчиха'),
(2901, 2, 62, 'Торбеево'),
(2902, 2, 46, 'Торжок'),
(2903, 2, 46, 'Торопец'),
(2904, 2, 77, 'Тосно'),
(2905, 2, 37, 'Тотьма'),
(2906, 2, 68, 'Тоцкое'),
(2907, 2, 40, 'Тпиг'),
(2908, 2, 95, 'Трехгорный'),
(2909, 2, 95, 'Троицк'),
(2910, 2, 63, 'Троицк'),
(2911, 2, 53, 'Троицко-Печерск'),
(2912, 2, 94, 'Троицкое'),
(2913, 2, 27, 'Троицкое'),
(2914, 2, 47, 'Троицкое'),
(2915, 2, 69, 'Тросна'),
(2916, 2, 33, 'Трубчевск'),
(2917, 2, 55, 'Туапсе'),
(2918, 2, 63, 'Туголесский Бор'),
(2919, 2, 81, 'Тугулым'),
(2920, 2, 94, 'Тугур'),
(2921, 2, 52, 'Тужа'),
(2922, 2, 31, 'Туймазы'),
(2923, 2, 89, 'Тула'),
(2924, 2, 43, 'Тулун'),
(2925, 2, 55, 'Тульский'),
(2926, 2, 97, 'Тупик'),
(2927, 2, 56, 'Тура'),
(2928, 2, 88, 'Туран'),
(2929, 2, 81, 'Туринск'),
(2930, 2, 81, 'Туринская Слобода'),
(2931, 2, 78, 'Турки'),
(2932, 2, 27, 'Турочак'),
(2933, 2, 34, 'Турунтаево'),
(2934, 2, 56, 'Туруханск'),
(2935, 2, 99, 'Тутаев'),
(2936, 2, 63, 'Тучково'),
(2937, 2, 80, 'Тымовское'),
(2938, 2, 87, 'Тымск'),
(2939, 2, 28, 'Тында'),
(2940, 2, 44, 'Тырныауз'),
(2941, 2, 88, 'Тээли'),
(2942, 2, 67, 'Тюкалинск'),
(2943, 2, 68, 'Тюльган'),
(2944, 2, 27, 'Тюменцево'),
(2945, 2, 90, 'Тюмень'),
(2946, 2, 56, 'Тюхтет'),
(2947, 2, 51, 'Тяжинский'),
(2948, 2, 66, 'Убинское'),
(2949, 2, 91, 'Ува'),
(2950, 2, 63, 'Уваровка'),
(2951, 2, 85, 'Уварово'),
(2952, 2, 90, 'Уват'),
(2953, 2, 95, 'Увельский'),
(2954, 2, 80, 'Углегорск'),
(2955, 2, 99, 'Углич'),
(2956, 2, 27, 'Угловское'),
(2957, 2, 83, 'Угра'),
(2958, 2, 63, 'Удельная'),
(2959, 2, 46, 'Удомля'),
(2960, 2, 56, 'Ужур'),
(2961, 2, 89, 'Узловая'),
(2962, 2, 71, 'Уинское'),
(2963, 2, 95, 'Уйское'),
(2964, 2, 34, 'Улан-Удэ'),
(2965, 2, 97, 'Улеты'),
(2966, 2, 48, 'Ульяново'),
(2967, 2, 92, 'Ульяновск'),
(2968, 2, 64, 'Умба'),
(2969, 2, 85, 'Умет'),
(2970, 2, 33, 'Унеча'),
(2971, 2, 52, 'Уни'),
(2972, 2, 90, 'Унъюган'),
(2973, 2, 90, 'Упорово'),
(2974, 2, 39, 'Уразовка'),
(2975, 2, 90, 'Урай'),
(2976, 2, 103, 'Урай'),
(2977, 2, 93, 'Уральск'),
(2978, 2, 39, 'Урень'),
(2979, 2, 52, 'Уржум'),
(2980, 2, 40, 'Уркарах'),
(2981, 2, 98, 'Урмары'),
(2982, 2, 96, 'Урус-Мартан'),
(2983, 2, 36, 'Урюпинск'),
(2984, 2, 73, 'Усвяты'),
(2985, 2, 53, 'Усинск'),
(2986, 2, 59, 'Усмань'),
(2987, 2, 53, 'Усогорск'),
(2988, 2, 71, 'Усолье'),
(2989, 2, 43, 'Усолье-Сибирское'),
(2990, 2, 63, 'Успенское'),
(2991, 2, 72, 'Уссурийск'),
(2992, 2, 91, 'Устинов'),
(2993, 2, 56, 'Усть-Авам'),
(2994, 2, 60, 'Усть-Белая'),
(2995, 2, 49, 'Усть-Большерецк'),
(2996, 2, 84, 'Усть-Джегута'),
(2997, 2, 74, 'Усть-Донецкий'),
(2998, 2, 43, 'Усть-Илимск'),
(2999, 2, 67, 'Усть-Ишим'),
(3000, 2, 27, 'Усть-Калманка'),
(3001, 2, 49, 'Усть-Камчатск'),
(3002, 2, 27, 'Усть-Кан'),
(3003, 2, 95, 'Усть-Катав'),
(3004, 2, 71, 'Усть-Кишерть'),
(3005, 2, 27, 'Усть-Кокса'),
(3006, 2, 53, 'Усть-Кулом'),
(3007, 2, 43, 'Усть-Кут'),
(3008, 2, 55, 'Усть-Лабинск'),
(3009, 2, 79, 'Усть-Мая'),
(3010, 2, 79, 'Усть-Нера'),
(3011, 2, 60, 'Усть-Омчуг'),
(3012, 2, 43, 'Усть-Ордынский'),
(3013, 2, 66, 'Усть-Тарка'),
(3014, 2, 43, 'Усть-Уда'),
(3015, 2, 27, 'Усть-Улаган'),
(3016, 2, 53, 'Усть-Цильма'),
(3017, 2, 27, 'Усть-Чарышская Пристань'),
(3018, 2, 37, 'Устюжна'),
(3019, 2, 47, 'Утта'),
(3020, 2, 31, 'Уфа'),
(3021, 2, 75, 'Ухолово'),
(3022, 2, 53, 'Ухта'),
(3023, 2, 31, 'Учалы'),
(3024, 2, 56, 'Уяр'),
(3025, 2, 52, 'Фаленки'),
(3026, 2, 58, 'Фатеж'),
(3027, 2, 31, 'Федоровка'),
(3028, 2, 93, 'Федоровка'),
(3029, 2, 48, 'Ферзиково'),
(3030, 2, 95, 'Фершампенуаз'),
(3031, 2, 46, 'Фирово'),
(3032, 2, 63, 'Фирсановка'),
(3033, 2, 72, 'Фокино'),
(3034, 2, 63, 'Фосфоритный'),
(3035, 2, 36, 'Фролово'),
(3036, 2, 63, 'Фрязино'),
(3037, 2, 63, 'Фряново'),
(3038, 2, 42, 'Фурманов'),
(3039, 2, 93, 'Фурманово'),
(3040, 2, 94, 'Хабаровск'),
(3041, 2, 27, 'Хабары'),
(3042, 2, 84, 'Хабез'),
(3043, 2, 52, 'Халтурин'),
(3044, 2, 79, 'Хандыга'),
(3045, 2, 90, 'Ханты-Мансийск'),
(3046, 2, 103, 'Ханты-Мансийск'),
(3047, 2, 30, 'Харабали'),
(3048, 2, 37, 'Харовск'),
(3049, 2, 40, 'Хасавюрт'),
(3050, 2, 72, 'Хасан'),
(3051, 2, 56, 'Хатанга'),
(3052, 2, 78, 'Хвалынск'),
(3053, 2, 48, 'Хвастовичи'),
(3054, 2, 65, 'Хвойное'),
(3055, 2, 76, 'Хворостянка'),
(3056, 2, 40, 'Хив'),
(3057, 2, 97, 'Хилок'),
(3058, 2, 63, 'Химки'),
(3059, 2, 83, 'Хиславичи'),
(3060, 2, 59, 'Хлевное'),
(3061, 2, 88, 'Хову-Аксы'),
(3062, 2, 65, 'Холм'),
(3063, 2, 83, 'Холм-Жирковский'),
(3064, 2, 29, 'Холмогоры'),
(3065, 2, 80, 'Холмск'),
(3066, 2, 58, 'Хомутовка'),
(3067, 2, 69, 'Хомутово'),
(3068, 2, 79, 'Хонуу'),
(3069, 2, 34, 'Хоринск'),
(3070, 2, 63, 'Хорлово'),
(3071, 2, 72, 'Хороль'),
(3072, 2, 69, 'Хотынец'),
(3073, 2, 63, 'Хотьково'),
(3074, 2, 38, 'Хохольский'),
(3075, 2, 40, 'Хунзах'),
(3076, 2, 47, 'Цаган-Аман'),
(3077, 2, 74, 'Целина'),
(3078, 2, 27, 'Целинное'),
(3079, 2, 57, 'Целинное'),
(3080, 2, 98, 'Цивильск'),
(3081, 2, 74, 'Цимлянск'),
(3082, 2, 40, 'Цуриб'),
(3083, 2, 37, 'Чагода'),
(3084, 2, 88, 'Чадан'),
(3085, 2, 71, 'Чайковский'),
(3086, 2, 74, 'Чалтырь'),
(3087, 2, 62, 'Чамзинка'),
(3088, 2, 66, 'Чаны'),
(3089, 2, 93, 'Чапаев'),
(3090, 2, 76, 'Чапаевск'),
(3091, 2, 59, 'Чаплыгин'),
(3092, 2, 97, 'Чара'),
(3093, 2, 27, 'Чарышское'),
(3094, 2, 71, 'Частые'),
(3095, 2, 95, 'Чебаркуль'),
(3096, 2, 98, 'Чебоксары'),
(3097, 2, 94, 'Чегдомын'),
(3098, 2, 44, 'Чегем-Первый'),
(3099, 2, 31, 'Чекмагуш'),
(3100, 2, 76, 'Челно-Вершины'),
(3101, 2, 95, 'Челябинск'),
(3102, 2, 92, 'Чердаклы'),
(3103, 2, 71, 'Чердынь'),
(3104, 2, 58, 'Черемисиново'),
(3105, 2, 56, 'Черемушки'),
(3106, 2, 43, 'Черемхово'),
(3107, 2, 66, 'Черепаново'),
(3108, 2, 37, 'Череповец'),
(3109, 2, 84, 'Черкесск'),
(3110, 2, 63, 'Черкизово'),
(3111, 2, 67, 'Черлак'),
(3112, 2, 72, 'Черниговка'),
(3113, 2, 63, 'Черноголовка'),
(3114, 2, 56, 'Черногорск'),
(3115, 2, 71, 'Чернореченский'),
(3116, 2, 71, 'Чернушка'),
(3117, 2, 30, 'Черный Яр'),
(3118, 2, 97, 'Чернышевск'),
(3119, 2, 36, 'Чернышковский'),
(3120, 2, 32, 'Чернянка'),
(3121, 2, 45, 'Черняховск'),
(3122, 2, 79, 'Черский'),
(3123, 2, 74, 'Чертково'),
(3124, 2, 63, 'Черусти'),
(3125, 2, 95, 'Чесма'),
(3126, 2, 63, 'Чехов'),
(3127, 2, 82, 'Чикола'),
(3128, 2, 66, 'Чистоозерное'),
(3129, 2, 86, 'Чистополь'),
(3130, 2, 97, 'Чита'),
(3131, 2, 31, 'Чишмы'),
(3132, 2, 39, 'Чкаловск'),
(3133, 2, 79, 'Чокурдах'),
(3134, 2, 72, 'Чугуевка'),
(3135, 2, 65, 'Чудово'),
(3136, 2, 66, 'Чулым'),
(3137, 2, 94, 'Чумикан'),
(3138, 2, 43, 'Чунский'),
(3139, 2, 79, 'Чурапча'),
(3140, 2, 71, 'Чусовой'),
(3141, 2, 54, 'Чухлома'),
(3142, 2, 75, 'Чучково'),
(3143, 2, 69, 'Шаблыкино'),
(3144, 2, 88, 'Шагонар'),
(3145, 2, 57, 'Шадринск'),
(3146, 2, 96, 'Шали'),
(3147, 2, 56, 'Шалинское'),
(3148, 2, 31, 'Шаран'),
(3149, 2, 39, 'Шаранга'),
(3150, 2, 63, 'Шарапово'),
(3151, 2, 91, 'Шаркан'),
(3152, 2, 68, 'Шарлык'),
(3153, 2, 56, 'Шарыпово'),
(3154, 2, 54, 'Шарья'),
(3155, 2, 39, 'Шатки'),
(3156, 2, 57, 'Шатрово'),
(3157, 2, 63, 'Шатура'),
(3158, 2, 63, 'Шатурторф'),
(3159, 2, 63, 'Шаховская'),
(3160, 2, 80, 'Шахтерск'),
(3161, 2, 74, 'Шахты'),
(3162, 2, 39, 'Шахунья'),
(3163, 2, 75, 'Шацк'),
(3164, 2, 27, 'Шебалино'),
(3165, 2, 32, 'Шебекино'),
(3166, 2, 37, 'Шексна'),
(3167, 2, 27, 'Шелаболиха'),
(3168, 2, 43, 'Шелехов'),
(3169, 2, 97, 'Шелопугино'),
(3170, 2, 98, 'Шемурша'),
(3171, 2, 70, 'Шемышейка'),
(3172, 2, 54, 'Шемятино'),
(3173, 2, 29, 'Шенкурск'),
(3174, 2, 76, 'Шентала'),
(3175, 2, 67, 'Шербакуль'),
(3176, 2, 63, 'Шереметьевский'),
(3177, 2, 76, 'Шигоны'),
(3178, 2, 97, 'Шилка'),
(3179, 2, 75, 'Шилово'),
(3180, 2, 28, 'Шимановск'),
(3181, 2, 65, 'Шимск'),
(3182, 2, 27, 'Шипуново'),
(3183, 2, 56, 'Шира'),
(3184, 2, 77, 'Шлиссельбург'),
(3185, 2, 55, 'Шовгеновский'),
(3186, 2, 74, 'Шолоховский'),
(3187, 2, 37, 'Шуйское'),
(3188, 2, 98, 'Шумерля'),
(3189, 2, 57, 'Шумиха'),
(3190, 2, 83, 'Шумячи'),
(3191, 2, 56, 'Шушенское'),
(3192, 2, 42, 'Шуя'),
(3193, 2, 89, 'Щекино'),
(3194, 2, 63, 'Щелково'),
(3195, 2, 63, 'Щербинка'),
(3196, 2, 58, 'Щигры'),
(3197, 2, 57, 'Щучье'),
(3198, 2, 60, 'Эвенск'),
(3199, 2, 60, 'Эгвекинот'),
(3200, 2, 28, 'Экимчан'),
(3201, 2, 63, 'Электрогорск'),
(3202, 2, 63, 'Электросталь'),
(3203, 2, 63, 'Электроугли'),
(3204, 2, 47, 'Элиста'),
(3205, 2, 78, 'Энгельс'),
(3206, 2, 68, 'Энергетик'),
(3207, 2, 88, 'Эрзин'),
(3208, 2, 38, 'Эртиль'),
(3209, 2, 103, 'Югорск'),
(3210, 2, 42, 'Южа'),
(3211, 2, 80, 'Южно-Курильск'),
(3212, 2, 80, 'Южно-Сахалинск'),
(3213, 2, 40, 'Южно-Сухокумск'),
(3214, 2, 95, 'Южно-Уральск'),
(3215, 2, 91, 'Юкаменское'),
(3216, 2, 51, 'Юрга'),
(3217, 2, 57, 'Юргамыш'),
(3218, 2, 90, 'Юрибей'),
(3219, 2, 61, 'Юрино'),
(3220, 2, 71, 'Юрла'),
(3221, 2, 35, 'Юрьев-Польский'),
(3222, 2, 42, 'Юрьевец'),
(3223, 2, 52, 'Юрья'),
(3224, 2, 95, 'Юрюзань'),
(3225, 2, 47, 'Юста'),
(3226, 2, 71, 'Юсьва'),
(3227, 2, 48, 'Юхнов'),
(3228, 2, 60, 'Ягодное'),
(3229, 2, 98, 'Ядрин'),
(3230, 2, 28, 'Ядрино'),
(3231, 2, 72, 'Яковлевка'),
(3232, 2, 79, 'Якутск'),
(3233, 2, 91, 'Якшур-Бодья'),
(3234, 2, 90, 'Ялуторовск'),
(3235, 2, 98, 'Яльчики'),
(3236, 2, 31, 'Янаул'),
(3237, 2, 98, 'Янтиково'),
(3238, 2, 91, 'Яр'),
(3239, 2, 90, 'Яр-Сале'),
(3240, 2, 52, 'Яранск'),
(3241, 2, 29, 'Яренск'),
(3242, 2, 90, 'Ярково'),
(3243, 2, 99, 'Ярославль'),
(3244, 2, 83, 'Ярцево'),
(3245, 2, 89, 'Ясногорск'),
(3246, 2, 68, 'Ясный'),
(3247, 2, 63, 'Яхрома'),
(3248, 2, 47, 'Яшалта'),
(3249, 2, 51, 'Яшкино'),
(3250, 2, 47, 'Яшкуль'),
(3251, 2, 51, 'Яя');

-- --------------------------------------------------------

--
-- Структура таблицы `country`
--

CREATE TABLE `country` (
  `id_country` int(11) NOT NULL,
  `name` varchar(100) NOT NULL
) ENGINE=InnoDB DEFAULT CHARSET=utf8;

--
-- Дамп данных таблицы `country`
--

INSERT INTO `country` (`id_country`, `name`) VALUES
(1, 'Украина'),
(2, 'Россия');

-- --------------------------------------------------------

--
-- Структура таблицы `region`
--

CREATE TABLE `region` (
  `id_region` int(11) NOT NULL,
  `id_country` int(11) NOT NULL,
  `name` varchar(255) NOT NULL
) ENGINE=InnoDB DEFAULT CHARSET=utf8;

--
-- Дамп данных таблицы `region`
--

INSERT INTO `region` (`id_region`, `id_country`, `name`) VALUES
(1, 1, 'Винницкая обл.'),
(2, 1, 'Волынская обл.'),
(3, 1, 'Днепропетровская обл.'),
(4, 1, 'Донецкая обл.'),
(5, 1, 'Житомирская обл.'),
(6, 1, 'Закарпатская обл.'),
(7, 1, 'Запорожская обл.'),
(8, 1, 'Ивано-Франковская обл.'),
(9, 1, 'Киевская обл.'),
(10, 1, 'Кировоградская обл.'),
(11, 1, 'Крымская обл.'),
(12, 1, 'Луганская обл.'),
(13, 1, 'Львовская обл.'),
(14, 1, 'Николаевская обл.'),
(15, 1, 'Одесская обл.'),
(16, 1, 'Полтавская обл.'),
(17, 1, 'Ровенская обл.'),
(18, 1, 'Сумская обл.'),
(19, 1, 'Тернопольская обл.'),
(20, 1, 'Харьковская обл.'),
(21, 1, 'Херсонская обл.'),
(22, 1, 'Хмельницкая обл.'),
(23, 1, 'Черкасская обл.'),
(24, 1, 'Черниговская обл.'),
(25, 1, 'Черновицкая обл.'),
(26, 1, 'Украина'),
(27, 2, 'Алтайский край'),
(28, 2, 'Амурская обл.'),
(29, 2, 'Архангельская обл.'),
(30, 2, 'Астраханская обл.'),
(31, 2, 'Башкортостан(Башкирия)'),
(32, 2, 'Белгородская обл.'),
(33, 2, 'Брянская обл.'),
(34, 2, 'Бурятия'),
(35, 2, 'Владимирская обл.'),
(36, 2, 'Волгоградская обл.'),
(37, 2, 'Вологодская обл.'),
(38, 2, 'Воронежская обл.'),
(39, 2, 'Нижегородская (Горьковская)'),
(40, 2, 'Дагестан'),
(41, 2, 'Еврейская обл.'),
(42, 2, 'Ивановская обл.'),
(43, 2, 'Иркутская обл.'),
(44, 2, 'Кабардино-Балкария'),
(45, 2, 'Калининградская обл.'),
(46, 2, 'Тверская обл.'),
(47, 2, 'Калмыкия'),
(48, 2, 'Калужская обл.'),
(49, 2, 'Камчатская обл.'),
(50, 2, 'Карелия'),
(51, 2, 'Кемеровская обл.'),
(52, 2, 'Кировская обл.'),
(53, 2, 'Коми'),
(54, 2, 'Костромская обл.'),
(55, 2, 'Краснодарский край'),
(56, 2, 'Красноярский край'),
(57, 2, 'Курганская обл.'),
(58, 2, 'Курская обл.'),
(59, 2, 'Липецкая обл.'),
(60, 2, 'Магаданская обл.'),
(61, 2, 'Марий Эл'),
(62, 2, 'Мордовия'),
(63, 2, 'Москва и Московская обл.'),
(64, 2, 'Мурманская обл.'),
(65, 2, 'Новгородская обл.'),
(66, 2, 'Новосибирская обл.'),
(67, 2, 'Омская обл.'),
(68, 2, 'Оренбургская обл.'),
(69, 2, 'Орловская обл.'),
(70, 2, 'Пензенская обл.'),
(71, 2, 'Пермская обл.'),
(72, 2, 'Приморский край'),
(73, 2, 'Псковская обл.'),
(74, 2, 'Ростовская обл.'),
(75, 2, 'Рязанская обл.'),
(76, 2, 'Самарская обл.'),
(77, 2, 'Санкт-Петербург и область'),
(78, 2, 'Саратовская обл.'),
(79, 2, 'Саха (Якутия)'),
(80, 2, 'Сахалин'),
(81, 2, 'Свердловская обл.'),
(82, 2, 'Северная Осетия'),
(83, 2, 'Смоленская обл.'),
(84, 2, 'Ставропольский край'),
(85, 2, 'Тамбовская обл.'),
(86, 2, 'Татарстан'),
(87, 2, 'Томская обл.'),
(88, 2, 'Тува (Тувинская Респ.)'),
(89, 2, 'Тульская обл.'),
(90, 2, 'Тюменская обл.'),
(91, 2, 'Удмуртия'),
(92, 2, 'Ульяновская обл.'),
(93, 2, 'Уральская обл.'),
(94, 2, 'Хабаровский край'),
(95, 2, 'Челябинская обл.'),
(96, 2, 'Чечено-Ингушетия'),
(97, 2, 'Читинская обл.'),
(98, 2, 'Чувашия'),
(99, 2, 'Ярославская обл.'),
(100, 2, 'Адыгея'),
(101, 2, 'Хакасия'),
(102, 2, 'Чукотский АО'),
(103, 2, 'Ханты-Мансийский АО'),
(104, 2, 'Ямало-Ненецкий АО');

--
-- Индексы сохранённых таблиц
--

--
-- Индексы таблицы `city`
--
ALTER TABLE `city`
  ADD PRIMARY KEY (`id_city`),
  ADD KEY `id_country` (`id_country`),
  ADD KEY `id_region` (`id_region`);

--
-- Индексы таблицы `country`
--
ALTER TABLE `country`
  ADD PRIMARY KEY (`id_country`);

--
-- Индексы таблицы `region`
--
ALTER TABLE `region`
  ADD PRIMARY KEY (`id_region`),
  ADD KEY `id_country` (`id_country`);

--
-- AUTO_INCREMENT для сохранённых таблиц
--

--
-- AUTO_INCREMENT для таблицы `city`
--
ALTER TABLE `city`
  MODIFY `id_city` int(11) NOT NULL AUTO_INCREMENT, AUTO_INCREMENT=3252;
--
-- AUTO_INCREMENT для таблицы `country`
--
ALTER TABLE `country`
  MODIFY `id_country` int(11) NOT NULL AUTO_INCREMENT, AUTO_INCREMENT=3;
--
-- AUTO_INCREMENT для таблицы `region`
--
ALTER TABLE `region`
  MODIFY `id_region` int(11) NOT NULL AUTO_INCREMENT, AUTO_INCREMENT=183;
--
-- Ограничения внешнего ключа сохраненных таблиц
--

--
-- Ограничения внешнего ключа таблицы `city`
--
ALTER TABLE `city`
  ADD CONSTRAINT `city_ibfk_2` FOREIGN KEY (`id_region`) REFERENCES `region` (`id_region`) ON DELETE CASCADE ON UPDATE CASCADE,
  ADD CONSTRAINT `city_ibfk_1` FOREIGN KEY (`id_country`) REFERENCES `country` (`id_country`) ON DELETE CASCADE ON UPDATE CASCADE;

--
-- Ограничения внешнего ключа таблицы `region`
--
ALTER TABLE `region`
  ADD CONSTRAINT `region_ibfk_1` FOREIGN KEY (`id_country`) REFERENCES `country` (`id_country`) ON DELETE CASCADE ON UPDATE CASCADE;

/*!40101 SET CHARACTER_SET_CLIENT=@OLD_CHARACTER_SET_CLIENT */;
/*!40101 SET CHARACTER_SET_RESULTS=@OLD_CHARACTER_SET_RESULTS */;
/*!40101 SET COLLATION_CONNECTION=@OLD_COLLATION_CONNECTION */;
